<?xml version="1.0" encoding="UTF-8"?>
<codelists xmlns:xsi="http://www.w3.org/2001/XMLSchema-instance"
 xsi:noNamespaceSchemaLocation="../../../../../../../schema-labels.xsd"
 xmlns:gmd="http://www.isotc211.org/2005/gmd">
  <codelist name="gmd:MD_TopicCategoryCode" alias="topicCategory">
    <!-- - - - - - - - - - - - - - - - - - - - - - - - - -->
    <entry>
      <code>imageryBaseMapsEarthCover</code>
      <label>A Base Maps, Land Cover, Aerial and Satellite Imagery</label>
      <description>Base maps. Examples: land cover, topographic maps, imagery, unclassified
        images, annotations</description>
    </entry>
    <entry>
      <code>imageryBaseMapsEarthCover_BaseMaps</code>
      <label>A1 Base Maps, Landscape Models</label>
    </entry>
    <entry>
      <code>imageryBaseMapsEarthCover_EarthCover</code>
      <label>A2 Land Cover, Land Use</label>
    </entry>
    <entry>
      <code>imageryBaseMapsEarthCover_Imagery</code>
      <label>A3 Aerial and Satellite Imagery</label>
    </entry>
    <!-- - - - - - - - - - - - - - - - - - - - - - - - - -->
    <entry>
      <code>location</code>
      <label>B Location, Reference Systems</label>
      <description>Positional information and services. Examples: addresses, geodetic networks,
        control points, postal zones and services, place names</description>
    </entry>
    <!-- - - - - - - - - - - - - - - - - - - - - - - - - -->
    <entry>
      <code>elevation</code>
      <label>C Elevation</label>
      <description>Height above or below sea level. Examples: altitude, bathymetry, digital
        elevation models, slope, derived products</description>
    </entry>
    <!-- - - - - - - - - - - - - - - - - - - - - - - - - -->
    <entry>
      <code>boundaries</code>
      <label>D Political and Administrative Boundaries</label>
      <description>Legal land descriptions. Examples: political and administrative
        boundaries</description>
    </entry>
    <!-- - - - - - - - - - - - - - - - - - - - - - - - - -->
    <entry>
      <code>planningCadastre</code>
      <label>E Spatial Planning, Cadastre</label>
      <description>Information used for appropriate actions for future use of the land. Examples:
        land use maps, zoning maps, cadastral surveys, land ownership</description>
    </entry>
    <entry>
      <code>planningCadastre_Planning</code>
      <label>E1 Spatial Planning, Spatial Development</label>
    </entry>
    <entry>
      <code>planningCadastre_Cadastre</code>
      <label>E2 Cadastre, Land Registry</label>
    </entry>
    <!-- - - - - - - - - - - - - - - - - - - - - - - - - -->
    <entry>
      <code>geoscientificInformation</code>
      <label>F Geology, Soils, Natural Hazards</label>
      <description>Information pertaining to earth sciences. Examples: geophysical features and
        processes, geology, minerals, sciences dealing with the composition, structure and
        origin of the earth s rocks, risks of earthquakes, volcanic activity, landslides,
        gravity information, soils, permafrost, hydrogeology, erosion</description>
    </entry>
    <entry>
      <code>geoscientificInformation_Geology</code>
      <label>F1 Geology</label>
    </entry>
    <entry>
      <code>geoscientificInformation_Soils</code>
      <label>F2 Soils</label>
    </entry>
    <entry>
      <code>geoscientificInformation_NaturalHazards</code>
      <label>F3 Natural Hazards</label>
    </entry>
    <!-- - - - - - - - - - - - - - - - - - - - - - - - - -->
    <entry>
      <code>biota</code>
      <label>G Forest, Flora, Fauna</label>
      <description>Flora and/or fauna in natural environment. Examples: wildlife, vegetation,
        biological sciences, ecology, wilderness, sealife, wetlands, habitat</description>
    </entry>
    <!-- - - - - - - - - - - - - - - - - - - - - - - - - -->
    <entry>
      <code>oceans</code>
      <label>H Oceans</label>
      <description>Features and characteristics of salt water bodies (excluding inland waters).
        Examples: tides, tidal waves, coastal information, reefs</description>
    </entry>
    <!-- - - - - - - - - - - - - - - - - - - - - - - - - -->
    <entry>
      <code>inlandWaters</code>
      <label>I Inland Waters</label>
      <description>Inland water features, drainage systems and their characteristics. Examples:
        rivers and glaciers, salt lakes, water utilization plans, dams, currents, floods, water
        quality, hydrographic charts</description>
    </entry>
    <!-- - - - - - - - - - - - - - - - - - - - - - - - - -->
    <entry>
      <code>environment</code>
      <label>L Environmental and Nature Protection</label>
      <description>Environmental resources, protection and conservation. Examples: environmental
        pollution, waste storage and treatment, environmental impact assessment, monitoring
        environmental risk, nature reserves, landscape</description>
    </entry>
    <entry>
      <code>environment_EnvironmentalProtection</code>
      <label>L1 Environmental protection, Noise</label>
    </entry>
    <entry>
      <code>environment_NatureProtection</code>
      <label>L2 Nature and Landscape protection</label>
    </entry>
    <!-- - - - - - - - - - - - - - - - - - - - - - - - - -->
    <entry>
      <code>climatologyMeteorologyAtmosphere</code>
      <label>K Atmosphere, Climatology</label>
      <description>Processes and phenomena of the atmosphere. Examples: cloud cover, weather,
        climate, atmospheric conditions, climate change, precipitation</description>
    </entry>
    <!-- - - - - - - - - - - - - - - - - - - - - - - - - -->
    <entry>
      <code>society</code>
      <label>M Population, Society, Culture</label>
      <description>Characteristics of society and cultures. Examples: settlements, anthropology,
        archaeology, education, traditional beliefs, manners and customs, demographic data,
        recreational areas and activities, social impact assessments, crime and justice, census
        information</description>
    </entry>
    <!-- - - - - - - - - - - - - - - - - - - - - - - - - -->
    <entry>
      <code>health</code>
      <label>N Health</label>
      <description>Health, health services, human ecology, and safety. Examples: disease and
        illness, factors affecting health, hygiene, substance abuse, mental and physical health,
        health services</description>
    </entry>
    <!-- - - - - - - - - - - - - - - - - - - - - - - - - -->
    <entry>
      <code>structure</code>
      <label>O Buildings, Infrastructure, Facilities</label>
      <description>Man-made construction. Examples: buildings, museums, churches, factories,
        housing, monuments, shops, towers</description>
    </entry>
    <!-- - - - - - - - - - - - - - - - - - - - - - - - - -->
    <entry>
      <code>transportation</code>
      <label>P Transportation</label>
      <description>Means and aids for conveying persons and/or goods. Examples: roads,
        airports/airstrips, shipping routes, tunnels, nautical charts, vehicle or vessel
        location, aeronautical charts, railways</description>
    </entry>
    <!-- - - - - - - - - - - - - - - - - - - - - - - - - -->
    <entry>
      <code>utilitiesCommunication</code>
      <label>Q Utilities, Supply, Disposal, Communication</label>
      <description>Energy, water and waste systems and communications infrastructure and
        services. Examples: hydroelectricity, geothermal, solar and nuclear sources of energy,
        water purification and distribution, sewage collection and disposal, electricity and gas
        distribution, data communication, telecommunication, radio, communication
        networks</description>
    </entry>
    <entry>
      <code>utilitiesCommunication_Energy</code>
      <label>Q1 Energy</label>
      <description></description>
    </entry>
    <entry>
      <code>utilitiesCommunication_Utilities</code>
      <label>Q2 Water and Waste Systems</label>
      <description></description>
    </entry>
    <entry>
      <code>utilitiesCommunication_Communication</code>
      <label>Q3 Communication</label>
      <description></description>
    </entry>
    <!-- - - - - - - - - - - - - - - - - - - - - - - - - -->
    <entry>
      <code>intelligenceMilitary</code>
      <label>R Military, Security</label>
      <description>Military bases, structures, activities. Examples: barracks, training grounds,
        military transportation, information collection</description>
    </entry>
    <!-- - - - - - - - - - - - - - - - - - - - - - - - - -->
    <entry>
      <code>farming</code>
      <label>S Agriculture</label>
      <description>Rearing of animals and/or cultivation of plants. Examples: agriculture,
        irrigation, aquaculture, plantations, herding, pests and diseases affecting crops and
        livestock</description>
    </entry>
    <!-- - - - - - - - - - - - - - - - - - - - - - - - - -->
    <entry>
      <code>economy</code>
      <label>T Economical Activities</label>
      <description>Economic activities, conditions and employment. Examples: production, labour,
        revenue, commerce, industry, tourism and ecotourism, forestry, fisheries, commercial or
        subsistence hunting, exploration and exploitation of resources such as minerals, oil and
        gas</description>
    </entry>
  </codelist>
  <codelist name="che:Country">
    <entry>
      <code>CH</code>
      <label>Switzerland</label>
      <description/>
    </entry>
    <entry>
      <code>LI</code>
      <label>Liechtenstein</label>
      <description/>
    </entry>
    <entry>
      <code>DE</code>
      <label>Germany</label>
      <description/>
    </entry>
    <entry>
      <code>FR</code>
      <label>France</label>
      <description/>
    </entry>
    <entry>
      <code>IT</code>
      <label>Italy</label>
      <description/>
    </entry>
    <entry>
      <code>AT</code>
      <label>Italy</label>
      <description/>
    </entry>
  </codelist>
  <codelist name="gmd:Country">
    <entry>
      <code>CH</code>
      <label>Switzerland</label>
      <description/>
    </entry>
    <entry>
      <code>LI</code>
      <label>Liechtenstein</label>
      <description/>
    </entry>
    <entry>
      <code>DE</code>
      <label>Germany</label>
      <description/>
    </entry>
    <entry>
      <code>FR</code>
      <label>France</label>
      <description/>
    </entry>
    <entry>
      <code>IT</code>
      <label>Italy</label>
      <description/>
    </entry>
    <entry>
      <code>AT</code>
      <label>Austria</label>
      <description/>
    </entry>
  </codelist>
  <codelist name="gmd:LanguageCode">
    <entry>
      <code>ger</code>
      <label>german</label>
      <description/>
    </entry>
    <entry>
      <code>fre</code>
      <label>french</label>
      <description/>
    </entry>
    <entry>
      <code>ita</code>
      <label>italian</label>
      <description/>
    </entry>
    <entry>
      <code>eng</code>
      <label>english</label>
      <description/>
    </entry>
    <entry>
      <code>roh</code>
      <label>romansh</label>
      <description/>
    </entry>
  </codelist>
  <codelist name="che:CHE_CI_LegislationCode">
    <entry>
      <code>cantonalLaw</code>
      <label>Official law on cantonal level</label>
      <description/>
    </entry>
    <entry>
      <code>nationalLaw</code>
      <label>Official law on national level</label>
      <description/>
    </entry>
    <entry>
      <code>nationalDecree</code>
      <label>Other legal text on national level</label>
      <description/>
    </entry>
    <entry>
      <code>internationalObligation</code>
      <label>Convention, contract or other agreement on international level</label>
      <description/>
    </entry>
    <entry>
      <code>otherLegalText</code>
      <label>Any other legal text</label>
      <description/>
    </entry>
    <entry>
      <code>bylawsPrivatLaw</code>
      <label>Bylaws under privat law</label>
      <description/>
    </entry>
    <entry>
      <code>bylawsPublicLaw</code>
      <label>Bylaws under public law</label>
      <description/>
    </entry>
    <entry>
      <code>communalLaw</code>
      <label>Official law on communal level</label>
      <description/>
    </entry>
  </codelist>
  <codelist name="che:CI_NumberTypeCode">
    <entry>
      <code>mainNumber</code>
      <label>Main Number</label>
      <description/>
    </entry>
    <entry>
      <code>directNumber</code>
      <label>Direct Number</label>
      <description/>
    </entry>
    <entry>
      <code>mobile</code>
      <label>Mobile Number</label>
      <description/>
    </entry>
    <entry>
      <code>facsimile</code>
      <label>Facsimile Number</label>
      <description/>
    </entry>
  </codelist>
  <codelist name="che:CHE_MD_FilmTypeCode">
    <entry>
      <code>BW</code>
      <label>Black/White</label>
      <description/>
    </entry>
    <entry>
      <code>C</code>
      <label>Colour</label>
      <description/>
    </entry>
    <entry>
      <code>CIR</code>
      <label>Colour infrared</label>
      <description/>
    </entry>
    <entry>
      <code>IR</code>
      <label>Infrared</label>
      <description/>
    </entry>
  </codelist>
  <codelist name="che:CHE_MD_modelTypeCode">
    <entry>
      <code>FeatureDescription</code>
      <label>Feature description</label>
      <description/>
    </entry>
    <entry>
      <code>UMLdiagram</code>
      <label>UML diagram</label>
      <description/>
    </entry>
    <entry>
      <code>EntityRelationshipModel</code>
      <label>Entity-Relationship diagram</label>
      <description/>
    </entry>
    <entry>
      <code>INTERLIS1</code>
      <label>INTERLIS 1</label>
      <description/>
    </entry>
    <entry>
      <code>INTERLIS2</code>
      <label>INTERLIS 2</label>
      <description/>
    </entry>
    <entry>
      <code>GML</code>
      <label>GML</label>
      <description/>
    </entry>
    <entry>
      <code>Other</code>
      <label>Other</label>
      <description/>
    </entry>
  </codelist>
  <codelist name="che:CHE_CI_projectTypeCode">
    <entry>
      <code>research</code>
      <label>Experimental research</label>
      <description/>
    </entry>
    <entry>
      <code>monitoringProgram</code>
      <label>Monitoring program</label>
      <description/>
    </entry>
    <entry>
      <code>workProgram</code>
      <label>Work program</label>
      <description/>
    </entry>
    <entry>
      <code>inventory</code>
      <label>Inventory / survey</label>
      <description/>
    </entry>
    <entry>
      <code>planning</code>
      <label>Planning</label>
      <description/>
    </entry>
  </codelist>
  <codelist name="che:basicGeodataIDTypeCode">
    <entry>
      <code>communal</code>
      <label>Communal</label>
    </entry>
    <entry>
      <code>cantonal</code>
      <label>Cantonal</label>
    </entry>
    <entry>
      <code>federal</code>
      <label>Federal</label>
      <description>Set of geodata ID at federal level (Collection of geodata on federal law)</description>
    </entry>
    <entry>
      <code>other</code>
      <label>Other</label>
    </entry>
  </codelist>
  <codelist name="che:CHE_SV_inspireServiceTypeCode">
    <entry>
      <code>DiscoveryService</code>
      <label>Discovery Service</label>
    </entry>
    <entry>
      <code>ViewService</code>
      <label>View Service</label>
    </entry>
    <entry>
      <code>DownloadService</code>
      <label>Download Service</label>
    </entry>
    <entry>
      <code>TransformationService</code>
      <label>Transformation Service</label>
    </entry>
    <entry>
      <code>InvokeSpatialDataService</code>
      <label>Invoke Spatial Data Service</label>
    </entry>
    <entry>
      <code>OtherServices</code>
      <label>Other Services</label>
    </entry>
  </codelist>
  <codelist name="gmd:DS_InitiativeTypeCode" alias="initiativeType"/>
  <codelist name="gmd:DS_AssociationTypeCode" alias="associationType">
    <entry>
      <code>largerWorkCitation</code>
      <label>Larger work citation</label>
      <description>Reference to a master dataset of which this one is a part</description>
    </entry>
    <entry>
      <code>isTemporalStatOf</code>
      <label>Temporal state</label>
      <description>Reference from one dataset in a timeseries to another in the same timeseries</description>
    </entry>
    <entry>
      <code>isDescriptionOf</code>
      <label>Description</label>
      <description>Reference from one dataset which describes the referenced data</description>
    </entry>
  </codelist>
  <codelist name="che:MD_geodataTypeCode">
    <entry>
      <code>basicGeodata</code>
      <label>Basic Geodata</label>
    </entry>
    <entry>
      <code>oereb</code>
      <label>oereb</label>
    </entry>
    <entry>
      <code>oerebRegister</code>
      <label>oereb Register</label>
    </entry>
    <entry>
      <code>openGovernmentData</code>
      <label>Open Government Data</label>
    </entry>
    <entry>
      <code>openData</code>
      <label>Open Data</label>
    </entry>
    <entry>
      <code>referenceGeodata</code>
      <label>Reference Geodata</label>
    </entry>
  </codelist>
  <codelist name="gmd:MD_ScopeCode">
    <entry>
      <code>attribute</code>
      <label>Attribute</label>
      <description>Information applies to the attribute class</description>
    </entry>
    <!-- - - - - - - - - - - - - - - - - - - - - - - - - -->
    <entry>
      <code>attributeType</code>
      <label>Attribute type</label>
      <description>Information applies to the characteristic of a feature</description>
    </entry>
    <!-- - - - - - - - - - - - - - - - - - - - - - - - - -->
    <entry>
      <code>collectionHardware</code>
      <label>Collection hardware</label>
      <description>Information applies to the collection hardware class</description>
    </entry>
    <!-- - - - - - - - - - - - - - - - - - - - - - - - - -->
    <entry>
      <code>collectionSession</code>
      <label>Collection session</label>
      <description>Information applies to the collection session</description>
    </entry>
    <!-- - - - - - - - - - - - - - - - - - - - - - - - - -->
    <entry>
      <code>dataset</code>
      <label>Dataset</label>
      <description>Information applies to the dataset</description>
    </entry>
    <!-- - - - - - - - - - - - - - - - - - - - - - - - - -->
    <entry>
      <code>series</code>
      <label>Series</label>
      <description>Information applies to the series</description>
    </entry>
    <!-- - - - - - - - - - - - - - - - - - - - - - - - - -->
    <entry>
      <code>nonGeographicDataset</code>
      <label>Non geographic dataset</label>
      <description>Information applies to non-geographic data</description>
    </entry>
    <!-- - - - - - - - - - - - - - - - - - - - - - - - - -->
    <entry>
      <code>dimensionGroup</code>
      <label>Dimension group</label>
      <description>Information applies to a dimension group</description>
    </entry>
    <!-- - - - - - - - - - - - - - - - - - - - - - - - - -->
    <entry>
      <code>feature</code>
      <label>Feature</label>
      <description>Information applies to a feature</description>
    </entry>
    <!-- - - - - - - - - - - - - - - - - - - - - - - - - -->
    <entry>
      <code>featureType</code>
      <label>Feature type</label>
      <description>Information applies to a feature type</description>
    </entry>
    <!-- - - - - - - - - - - - - - - - - - - - - - - - - -->
    <entry>
      <code>propertyType</code>
      <label>Property type</label>
      <description>Information applies to a property type</description>
    </entry>
    <!-- - - - - - - - - - - - - - - - - - - - - - - - - -->
    <entry>
      <code>fieldSession</code>
      <label>Field session</label>
      <description>Information applies to a field session</description>
    </entry>
    <!-- - - - - - - - - - - - - - - - - - - - - - - - - -->
    <entry>
      <code>software</code>
      <label>Software</label>
      <description>Information applies to a computer program or routine</description>
    </entry>
    <!-- - - - - - - - - - - - - - - - - - - - - - - - - -->
    <entry>
      <code>service</code>
      <label>Service</label>
      <description>Information applies to a capability which a service provider entity makes
        available to a service user entity through a set of interfaces that define a behaviour,
        such as a use case
      </description>
    </entry>
    <!-- - - - - - - - - - - - - - - - - - - - - - - - - -->
    <entry>
      <code>model</code>
      <label>Model</label>
      <description>Information applies to a copy or imitation of an existing or hypothetical
        object
      </description>
    </entry>
    <!-- - - - - - - - - - - - - - - - - - - - - - - - - -->
    <entry>
      <code>tile</code>
      <label>Tile</label>
      <description>Information applies to a tile, a spatial subset of geographic
        data
      </description>
    </entry>
    <entry>
      <code>project</code>
      <label>Project</label>
      <description></description>
    </entry>
    <entry>
      <code>stationSite</code>
      <label>Station site</label>
      <description></description>
    </entry>
    <entry>
      <code>publication</code>
      <label>Publication</label>
      <description>Publication</description>
    </entry>

    <!-- Used for facet translation only and not displayed in editor -->
    <entry hideInEditMode="true">
      <code>map</code>
      <label>Map</label>
      <description></description>
    </entry>
    <entry hideInEditMode="true">
      <code>staticMap</code>
      <label>Static map</label>
      <description></description>
    </entry>
    <entry hideInEditMode="true">
      <code>interactiveMap</code>
      <label>Interactive map</label>
      <description></description>
    </entry>
    <entry hideInEditMode="true">
      <code>featureCatalog</code>
      <label>Feature catalog</label>
      <description></description>
    </entry>
    <!--GEOCAT-->
    <entry>
      <code>basicgeodata</code>
      <label>Basic Geodata</label>
      <description></description>
    </entry>
    <!-- - - - - - - - - - - - - - - - - - - - - - - - - -->
    <entry>
      <code>basicgeodata-federal</code>
      <label>Basic Geodata - federal</label>
      <description></description>
    </entry>
    <entry>
      <code>basicgeodata-federal</code>
      <label>Basic Geodata - federal</label>
      <description></description>
    </entry>
    <entry>
      <code>basicgeodata-communal</code>
      <label>Basic Geodata - communal</label>
      <description></description>
    </entry>
    <entry>
      <code>service-OGC:WFS</code>
      <label>WFS Services</label>
      <description></description>
    </entry>
    <entry>
      <code>service-OGC:WMS</code>
      <label>WMS Services</label>
      <description></description>
    </entry>
  </codelist>
  <!-- Geocat override: asked on behalf of SB-422 -->
  <codelist name="gmd:CI_RoleCode">
    <entry>
      <code>resourceProvider</code>
      <label>Resource provider</label>
      <description>Party that supplies the resource</description>
    </entry>
    <!-- - - - - - - - - - - - - - - - - - - - - - - - - -->
    <entry>
      <code>custodian</code>
      <label>Custodian</label>
      <description>Party that accepts accountability and
        responsability for the data and ensures
        appropriate care
        and maintenance of the resource
      </description>
    </entry>
    <!-- - - - - - - - - - - - - - - - - - - - - - - - - -->
    <entry>
      <code>owner</code>
      <label>Owner</label>
      <description>Party that owns the resource</description>
    </entry>
    <!-- - - - - - - - - - - - - - - - - - - - - - - - - -->
    <entry>
      <code>user</code>
      <label>User</label>
      <description>Party who uses the resource</description>
    </entry>
    <!-- - - - - - - - - - - - - - - - - - - - - - - - - -->
    <entry>
      <code>distributor</code>
      <label>Distributor</label>
      <description>Party who distributes the resource</description>
    </entry>
    <!-- - - - - - - - - - - - - - - - - - - - - - - - - -->
    <entry>
      <code>originator</code>
      <label>Originator</label>
      <description>Party who created the resource</description>
    </entry>
    <!-- - - - - - - - - - - - - - - - - - - - - - - - - -->
    <entry>
      <code>pointOfContact</code>
      <label>Point of contact</label>
      <description>Party who can be contacted for acquiring
        knowledge about or acquisition of the
        resource
      </description>
    </entry>
    <!-- - - - - - - - - - - - - - - - - - - - - - - - - -->
    <entry>
      <code>principalInvestigator</code>
      <label>Principal investigator</label>
      <description>Key party responsible for gathering information
        and conducting
        research
      </description>
    </entry>
    <!-- - - - - - - - - - - - - - - - - - - - - - - - - -->
    <entry>
      <code>processor</code>
      <label>Processor</label>
      <description>Party wha has processed the data in a manner
        such that the resource has been
        modified
      </description>
    </entry>
    <!-- - - - - - - - - - - - - - - - - - - - - - - - - -->
    <entry>
      <code>publisher</code>
      <label>Publisher</label>
      <description>Party who published the resource</description>
    </entry>
    <!-- - - - - - - - - - - - - - - - - - - - - - - - - -->
    <entry>
      <code>author</code>
      <label>Author</label>
      <description>Party who authored the resource</description>
    </entry>
    <entry>
      <code>editor</code>
      <label>Editor</label>
      <description></description>
    </entry>
    <entry>
      <code>partner</code>
      <label>Partner</label>
      <description></description>
    </entry>
    <entry>
      <code>specialistAuthority</code>
      <label>Specialist authority</label>
      <description>Specialist authority</description>
    </entry>
  </codelist>
  <codelist name="che:CHE_AppraisalOfArchivalValueCode">
    <entry>
      <code>A</code>
      <label>of archival value</label>
      <description>of archival value</description>
    </entry>
    <entry>
      <code>N</code>
      <label>no archival value</label>
      <description>no archival value</description>
    </entry>
    <entry>
      <code>S</code>
      <label>sampling / selection</label>
      <description>sampling / selection</description>
    </entry>
  </codelist>
  <codelist name="che:CHE_ReasonForArchivingValueCode">
    <entry>
      <code>legalRelevance</code>
      <label>Legal relevance</label>
      <description>Legal relevance</description>
    </entry>
    <entry>
      <code>guaranteeOfLegalCertainty</code>
      <label>Guarantee of legal certainty</label>
      <description>Guarantee of legal certainty</description>
    </entry>
    <entry>
      <code>evidenceOfBusinessPractice</code>
      <label>Evidence of business practice</label>
      <description>Evidence of business practice</description>
    </entry>
    <entry>
      <code>benefitsForResearch</code>
      <label>Benefits for research</label>
      <description>Benefits for research</description>
    </entry>
    <entry>
      <code>contemporaryInterest</code>
      <label>Contemporary interest</label>
      <description>Contemporary interest</description>
    </entry>
    <entry>
      <code>sensitivity</code>
      <label>Sensitivity</label>
      <description>Sensitivity</description>
    </entry>
    <entry>
      <code>developmentsProgression</code>
      <label>Developments / Progression</label>
      <description>Developments / Progression</description>
    </entry>
    <entry>
      <code>definingPowers</code>
      <label>Defining powers</label>
      <description>Defining powers</description>
    </entry>
  </codelist>
</codelists>
