<strings>
  <schematron.title>GM03 implementing rules</schematron.title>
  <M100>Basic geodata</M100>
  <alert.M100>
    <div>
      <h2>Basic geodata type is mandatory if basic geodata identifier is defined.</h2>
    </div>
  </alert.M100>
  <report.M100>
    <div>
      <h2>Basic geodata type is mandatory if basic geodata identifier is defined.</h2>
    </div>
  </report.M100>
  <M101>Model type</M101>
  <alert.M101>
    <div>
      <h2>Model type is mandatory</h2>
    </div>
  </alert.M101>
  <report.M101>
    <div>
      <h2>Model type is mandatory</h2>
    </div>
  </report.M101>
  <M102>Codelist values</M102>
  <alert.M102>
    <div>
      <h2>Select one value from the codelist or remove the element.</h2>
    </div>
  </alert.M102>
  <report.M102>
    <div>
      <h2>Select one value from the codelist or remove the element.</h2>
    </div>
  </report.M102>
  <M103>Citation titles</M103>
  <alert.M103>
    <div>
      <h2>Citation titles are mandatory, give a title or remove the specific citation-Class.</h2>
    </div>
  </alert.M103>
  <report.M103>
    <div>
      <h2>Citation titles are mandatory, give a title or remove the specific citation-Class.</h2>
    </div>
  </report.M103>
  <M104>Topic Categories</M104>
  <alert.M104>
    <div>
      <h2>environment, planningCadastre, geoscientificInformation, imageryBaseMapsEarthCover topic category is not a
        legal topic category for iso19139.che select a sub-category
      </h2>
    </div>
  </alert.M104>
  <report.M104>
    <div>
      <h2>environment, planningCadastre, geoscientificInformation, imageryBaseMapsEarthCover topic category is not a
        legal topic category for iso19139.che select a sub-category
      </h2>
    </div>
  </report.M104>
  <M105>Contact country code</M105>
  <alert.M105>
    <div>
      <h2>Country code is not valid for some contact select CH, LI, IT, AT, DE, FR value</h2>
    </div>
  </alert.M105>
  <report.M105>
    <div>
      <h2>Country code is not valid for some contact select CH, LI, IT, AT, DE, FR value</h2>
    </div>
  </report.M105>
  <hierarchyLevelName>Dataset Hierarchy Level Name</hierarchyLevelName>
  <alert.needsHierarchyLevelName>
    <div>A hierarchyLevelName is required because hierarchyLevel is not dataset (and is present in metadata). The
      solution is to add a hierarchyLevelName, remove hierarchyLevel element, or change hierarchyLevel to dataset
    </div>
  </alert.needsHierarchyLevelName>
  <report.needsHierarchyLevelName>
    <div>hierarchyLevelName is defined or hierarchyLevel is dataset or hierarchyLevel is not present in metadata</div>
  </report.needsHierarchyLevelName>
</strings>
