﻿<?xml version="1.0" encoding="UTF-8"?>
<codelists xmlns:gmd="http://www.isotc211.org/2005/gmd">
  <codelist name="gmd:MD_TopicCategoryCode" alias="topicCategory">
    <!-- - - - - - - - - - - - - - - - - - - - - - - - - -->
    <entry>
      <code>imageryBaseMapsEarthCover</code>
      <label>A Carte di base, copertura del suolo, immagini aeree</label>
      <description>Mappe di base
        Esempi: copertura territoriale, carte topografiche, immagini</description>
    </entry>
    <entry>
      <code>imageryBaseMapsEarthCover_BaseMaps</code>
      <label>A1 Carte di base, modelli del territorio</label>
    </entry>

    <entry>
      <code>imageryBaseMapsEarthCover_EarthCover</code>
      <label>A2 Copertura e utilizzo del suolo</label>
    </entry>
    <entry>
      <code>imageryBaseMapsEarthCover_Imagery</code>
      <label>A3 Immagini aeree e satellitari</label>
    </entry>
    <!-- - - - - - - - - - - - - - - - - - - - - - - - - -->
    <entry>
      <code>location</code>
      <label>B Localizzazione, sistemi di riferimento</label>
      <description>Informazioni e servizi sulla
        localizzazione
        Esempi:      indirizzi,    reti
        geodetiche, punti di controllo,
        zone e servizi postali,
        toponimi
      </description>
    </entry>
    <!-- - - - - - - - - - - - - - - - - - - - - - - - - -->
    <entry>
      <code>elevation</code>
      <label>C Altimetria</label>
      <description>Quote sopra o sotto il livello del mare
        Esempi: altitudine, DEM, batimetria, pendenze e prodotti derivati</description>
    </entry>
    <!-- - - - - - - - - - - - - - - - - - - - - - - - - -->
    <entry>
      <code>boundaries</code>
      <label>D Confini politici ed amministrativi</label>
      <description>Descrizione legale del territorio
        Esempi: limiti politici e amministrativi</description>
    </entry>
    <!-- - - - - - - - - - - - - - - - - - - - - - - - - -->
    <entry>
      <code>planningCadastre</code>
      <label>E Pianificazione territoriale, catasto fondiario</label>
      <description>Pianificazione del territorio
        Esempi: carte dell’uso del
        suolo, carte di zonizzazione,
        indagini catastali, proprietà
        terriere
      </description>
    </entry>
    <entry>
      <code>planningCadastre_Planning</code>
      <label>E1 Pianificazione e sviluppo territoriale</label>
    </entry>
    <entry>
      <code>planningCadastre_Cadastre</code>
      <label>E2 Catasto fondiario</label>
    </entry>
    <!-- - - - - - - - - - - - - - - - - - - - - - - - - -->
    <entry>
      <code>geoscientificInformation</code>
      <label>F Geologia, suolo, rischi naturali</label>
      <description>Informazioni riguardanti le Scienze della Terra
        Esempi: entità e processi geofisici, geologia, minerali,
        struttura e origine delle rocce terrestri, rischi di terremoti,
        attività vulcanica, suoli, idrogeologia, erosione.
      </description>
    </entry>
    <entry>
      <code>geoscientificInformation_Geology</code>
      <label>F1 Geologia</label>
    </entry>
    <entry>
      <code>geoscientificInformation_Soils</code>
      <label>F2 Suolo</label>
    </entry>
    <entry>
      <code>geoscientificInformation_NaturalHazards</code>
      <label>F3 Rischi naturali</label>
    </entry>
    <!-- - - - - - - - - - - - - - - - - - - - - - - - - -->
    <entry>
      <code>biota</code>
      <label>G Bosco, flora, fauna</label>
      <description>Flora e/o fauna nell’ambiente naturale
        Esempi: fauna selvatica, vegetazione, scienze biologiche, ecologia, habitat
      </description>
    </entry>
    <!-- - - - - - - - - - - - - - - - - - - - - - - - - -->
    <entry>
      <code>oceans</code>
      <label>H Oceani</label>
      <description>Entità e caratteristiche dei
        corpi d’acqua salata (escluse
        le acque interne)
        Esempi: maree, informazioni
        sulle linee di costa
      </description>
    </entry>
    <!-- - - - - - - - - - - - - - - - - - - - - - - - - -->
    <entry>
      <code>inlandWaters</code>
      <label>I Idrografia</label>
      <description>Caratteristiche delle acque
        interne, sistemi di drenaggio e
        loro caratteristiche
        Esempi: fiumi e ghiacciai,laghi salati,  piani    di
        utilizzazione      dell’acqua,
        dighe, correnti, inondazioni,
        qualità dell’acqua
      </description>
    </entry>
    <!-- - - - - - - - - - - - - - - - - - - - - - - - - -->
    <entry>
      <code>climatologyMeteorologyAtmosphere</code>
      <label>K Atmosfera, climatologia</label>
      <description>Processi e  fenomeni dell’atmosfera
        Esempi: annuvolamento, clima,  condizioni atmosferiche, cambiamenti climatici, precipitazioni</description>
    </entry>
    <!-- - - - - - - - - - - - - - - - - - - - - - - - - -->
    <entry>
      <code>environment</code>
      <label>L Protezione dell'ambiente e della natura</label>
      <description>Risorse ambientali, protezione e conservazione dell’ambiente
        Esempi: inquinamento ambientale, trattamento dei rifiuti, valutazione di impatto ambientale,
        monitoraggio del rischio ambientale, riserve naturali, paesaggio
      </description>
    </entry>
    <entry>
      <code>environment_EnvironmentalProtection</code>
      <label>L1 Protezione ambiente, rumore</label>
    </entry>
    <entry>
      <code>environment_NatureProtection</code>
      <label>L2 Protezione della natura e del paesaggio</label>
    </entry>
    <!-- - - - - - - - - - - - - - - - - - - - - - - - - -->
    <entry>
      <code>society</code>
      <label>M Popolazione, società, cultura</label>
      <description>Caratteristiche    sociali   e
        culturali
        Esempi:          antropologia,
        archeologia,       educazione,
        costumi, dati demografici,
        aree e attività per la
        ricreazione, valutazione di
        impatto sociale, giustizia,
        informazioni fiscali
      </description>
    </entry>
    <!-- - - - - - - - - - - - - - - - - - - - - - - - - -->
    <entry>
      <code>health</code>
      <label>N Salute</label>
      <description>Salute, servizi sanitari,	ecologia umana e sicurezza
        Esempi: malattie, fattori che interessano la salute, igiene, abuso di sostanze,
        salute fisica e mentale, servizi sanitari</description>
    </entry>
    <!-- - - - - - - - - - - - - - - - - - - - - - - - - -->
    <entry>
      <code>structure</code>
      <label>O Edifici, infrastrutture, costruzioni</label>
      <description>Costruzioni, manufatti
        Esempi:      palazzi,  musei,
        chiese, fabbriche, monumenti,
        negozi, torri
      </description>
    </entry>
    <!-- - - - - - - - - - - - - - - - - - - - - - - - - -->
    <entry>
      <code>transportation</code>
      <label>P Trasporto</label>
      <description>Mezzi e servizi per il
        trasporto delle persone e/o
        delle merci
        Esempi: strade, aeroporti,
        carte nautiche, posizione dei
        veicoli, carte aeronautiche,
        ferrovie
      </description>
    </entry>
    <!-- - - - - - - - - - - - - - - - - - - - - - - - - -->
    <entry>
      <code>utilitiesCommunication</code>
      <label>Q Approvvigionamento, smaltimento, comunicazione</label>
      <description>Energia, acqua e sistemi dei
        rifiuti, infrastrutture e servizi
        di comunicazione
        Esempi:          idro-elettricità,
        sorgenti         di      energia
        geotermica,         solare       e
        nucleare, potabilizzazione e
      </description>
    </entry>
    <entry>
      <code>utilitiesCommunication_Energy</code>
      <label>Q1 Energia</label>
      <description></description>
    </entry>
    <entry>
      <code>utilitiesCommunication_Utilities</code>
      <label>Q2 Sistemi dell'acqua e dei rifiuti</label>
      <description></description>
    </entry>
    <entry>
      <code>utilitiesCommunication_Communication</code>
      <label>Q3 Comunicazioni</label>
      <description></description>
    </entry>
    <!-- - - - - - - - - - - - - - - - - - - - - - - - - -->
    <entry>
      <code>intelligenceMilitary</code>
      <label>R Esercito, sicurezza</label>
      <description>Basi, strutture e attività militari
        Esempi: addestramento, trasporto militare, raccolta di informazioni</description>
    </entry>
    <!-- - - - - - - - - - - - - - - - - - - - - - - - - -->
    <entry>
      <code>farming</code>
      <label>S Agricoltura</label>
      <description>Allevamento di animali e/o coltivazione di piante
        Esempi:agricoltura, irrigazioni, acquacoltura, piantagioni, parassiti e malattie che interessano i raccolti e il bestiame</description>
    </entry>
    <!-- - - - - - - - - - - - - - - - - - - - - - - - - -->
    <entry>
      <code>economy</code>
      <label>T Attività economiche</label>
      <description>Attività economiche
        Esempi: produzione, lavoro, commercio, reddito, industria, turismo, ecoturismo, silvicoltura,
        pesca, esplorazione e sfruttamento delle risorse come minerali, petrolio e gas.</description>
    </entry>
    <!-- - - - - - - - - - - - - - - - - - - - - - - - - -->
  </codelist>
  <codelist name="gmd:Country">
    <entry>
      <code>CH</code>
      <label>Svizzera</label>
      <description/>
    </entry>
    <entry>
      <code>LI</code>
      <label>Liechtenstein</label>
      <description/>
    </entry>
    <entry>
      <code>DE</code>
      <label>Germania</label>
      <description/>
    </entry>
    <entry>
      <code>FR</code>
      <label>Francia</label>
      <description/>
    </entry>
    <entry>
      <code>IT</code>
      <label>Italia</label>
      <description/>
    </entry>
    <entry>
      <code>AT</code>
      <label>Austria</label>
      <description/>
    </entry>
  </codelist>
  <codelist name="gmd:LanguageCode">
    <entry>
      <code>ger</code>
      <label>tedesco</label>
      <description/>
    </entry>
    <entry>
      <code>fre</code>
      <label>francese</label>
      <description/>
    </entry>
    <entry>
      <code>ita</code>
      <label>italiano</label>
      <description/>
    </entry>
    <entry>
      <code>eng</code>
      <label>inglese</label>
      <description/>
    </entry>
    <entry>
      <code>roh</code>
      <label>romancio</label>
      <description/>
    </entry>
  </codelist>
  <codelist name="gmd:MD_ScopeCode">
    <entry>
      <code>attribute</code>
      <label>Istanza di attributo</label>
      <description>Informazione valida per una concreta assegnazione di in genere di attributo, il valore
        dell'attributo
      </description>
    </entry>
    <!-- - - - - - - - - - - - - - - - - - - - - - - - - -->
    <entry>
      <code>attributeType</code>
      <label>Genere di attributo</label>
      <description>Informazione valida per un genere di attributo</description>
    </entry>
    <!-- - - - - - - - - - - - - - - - - - - - - - - - - -->
    <entry>
      <code>collectionHardware</code>
      <label>Strumenti di rilevamento</label>
      <description>Informazione valida per gli strumenti impiegati per la raccolta di dati</description>
    </entry>
    <!-- - - - - - - - - - - - - - - - - - - - - - - - - -->
    <entry>
      <code>collectionSession</code>
      <label>Operazione di rilevamento</label>
      <description>Informazione valida per le attività di un'operazione di rilevamento</description>
    </entry>
    <!-- - - - - - - - - - - - - - - - - - - - - - - - - -->
    <entry>
      <code>dataset</code>
      <label>Set di dati</label>
      <description>Informazione valida per un set di dati</description>
    </entry>
    <!-- - - - - - - - - - - - - - - - - - - - - - - - - -->
    <entry>
      <code>series</code>
      <label>Serie</label>
      <description>Informazione valida per una serie

        Annotazione: Il termine serie si riferisce a qualsiasi unione di DS_Aggregate
      </description>
    </entry>
    <!-- - - - - - - - - - - - - - - - - - - - - - - - - -->
    <entry>
      <code>nonGeographicDataset</code>
      <label>Set di dati non geografico</label>
      <description>Informazione valida per un set di dati non geografico</description>
    </entry>
    <!-- - - - - - - - - - - - - - - - - - - - - - - - - -->
    <entry>
      <code>dimensionGroup</code>
      <label>Gruppo di dimensioni</label>
      <description>Informazione valida per un gruppo di dimensioni</description>
    </entry>
    <!-- - - - - - - - - - - - - - - - - - - - - - - - - -->
    <entry>
      <code>feature</code>
      <label>Istanza di oggetto</label>
      <description>Informazione valida per un oggetto concreto</description>
    </entry>
    <!-- - - - - - - - - - - - - - - - - - - - - - - - - -->
    <entry>
      <code>featureType</code>
      <label>Genre di oggetto</label>
      <description>Informazione valida per una classe di istanze simili di oggetti</description>
    </entry>
    <!-- - - - - - - - - - - - - - - - - - - - - - - - - -->
    <entry>
      <code>propertyType</code>
      <label>Genre di proprietà</label>
      <description>Informazione valida per la proprietà di un genere di oggetto</description>
    </entry>
    <!-- - - - - - - - - - - - - - - - - - - - - - - - - -->
    <entry>
      <code>fieldSession</code>
      <label>Campagna sul terreno</label>
      <description>Informazione per un'attività di raccolta di dati sul terreno</description>
    </entry>
    <!-- - - - - - - - - - - - - - - - - - - - - - - - - -->
    <entry>
      <code>software</code>
      <label>Software</label>
      <description>Informazione per sistemi, moduli o procedure di software</description>
    </entry>
    <!-- - - - - - - - - - - - - - - - - - - - - - - - - -->
    <entry>
      <code>service</code>
      <label>Servizio</label>
      <description>Informazione valida per un servizio che viene messo a disposizione da un offerente ad un utilizzatore
        attraverso determinate interfacce
      </description>
    </entry>
    <!-- - - - - - - - - - - - - - - - - - - - - - - - - -->
    <entry>
      <code>model</code>
      <label>Modello</label>
      <description>Informazione valida per una riproduzione di un oggetto reale o ipotetico</description>
    </entry>
    <!-- - - - - - - - - - - - - - - - - - - - - - - - - -->
    <entry>
      <code>tile</code>
      <label>Piastrella</label>
      <description>Informazione valida per un'unità spaziale inferiore (tile) di dati geografici</description>
    </entry>
    <!-- - - - - - - - - - - - - - - - - - - - - - - - - -->
    <!--<entry>
            <code>stereomate</code>
            <label>stereomate</label>
            <description>The referencing entity applies to a transfer aggregate which was originally
                identified as a stereo mate (DS_StereoMate)</description>
        </entry>-->
    <!-- - - - - - - - - - - - - - - - - - - - - - - - - -->
    <!--<entry>
            <code>sensor</code>
            <label>Sensor</label>
            <description>Einheit oder Teil einer Ausrüstung, welche erfasst oder registriert</description>
        </entry>
        <entry>
            <code>transferAggregate</code>
            <label>transferAggregate</label>

            <description>The referencing entity applies to a transfer aggregate which has no existence
                outside of the transfer context</description>
        </entry>-->
    <!-- - - - - - - - - - - -
            <entry>
            <code>initiative</code>
            <label>initiative</label>
            <description>The referencing entity applies to a transfer aggregate which was originally
            identified as an initiative (DS_Initiative)</description>

            </entry>

        <entry>
            <code>platformSeries</code>
            <label>platformSeries</label>
            <description>The referencing entity applies to a transfer aggregate which was originally
                identified as a platform series (DS_PlatformSeries)</description>
        </entry>
        <entry>

            <code>sensorSeries</code>
            <label>sensorSeries</label>
            <description>The referencing entity applies to a transfer aggregate which was originally
                identified as a sensor series (DS_SensorSeries)</description>
        </entry>
        <entry>
            <code>productionSeries</code>

            <label>productionSeries</label>
            <description>The referencing entity applies to a transfer aggregate which was originally
                identified as a production series (DS_ProductionSeries)</description>
        </entry>

        <entry>
            <code>otherAggregate</code>
            <label>otherAggregate</label>
            <description>The referencing entity applies to a transfer aggregate which has an existence
                outside of the transfer context, but which does not pertains to a specific aggregate
                type.</description>

        </entry>
        -->
    <entry>
      <code>project</code>
      <label>Progetto</label>
      <description>Il progetto definisce il quadro organizzativo per l'esecuzione di un compito</description>
    </entry>
    <entry>
      <code>stationSite</code>
      <label>Stazione</label>
      <description>Attività di rilevamento di dati di stazioni di misurazione. Questo tipo di dati non descrive i dati
        medesimi ma il genere e il modo di raccolta (parametri registrati, metodi, strumenti)
      </description>
    </entry>
    <entry>
      <code>publication</code>
      <label>Pubblicazione</label>
      <description>Pubblicazioni e prodotti (opuscoli, articoli, rapporti, materiale audiovisivo)</description>
    </entry>
  </codelist>
  <codelist name="che:CHE_CI_LegislationCode">
    <entry>
      <code>cantonalLaw</code>
      <label>Legge cantonale</label>
      <description>Legge cantonale</description>
    </entry>
    <entry>
      <code>nationalLaw</code>
      <label>Legge federale</label>
      <description>Legge federale</description>
    </entry>
    <entry>
      <code>nationalDecree</code>
      <label>Ordinanza federale</label>
      <description>Ordinanza federale</description>
    </entry>
    <entry>
      <code>internationalObligation</code>
      <label>Convenzione internazionale</label>
      <description>Convenzione internazionale</description>
    </entry>
    <entry>
      <code>otherLegalText</code>
      <label>Altro testo legislativo</label>
      <description>Altro testo legislativo</description>
    </entry>
    <entry>
      <code>bylawsPrivatLaw</code>
      <label>Statuti di diritto privato</label>
      <description>Statuti di diritto privato</description>
    </entry>
    <entry>
      <code>bylawsPublicLaw</code>
      <label>Statuti di diritto pubblico</label>
      <description>Statuti di diritto pubblico</description>
    </entry>
    <entry>
      <code>communalLaw</code>
      <label>Legge comunale</label>
      <description>Legge comunale</description>
    </entry>
  </codelist>
  <codelist name="che:CI_NumberTypeCode">
    <entry>
      <code>mainNumber</code>
      <label>Numero principale</label>
      <description>Numero principale</description>
    </entry>
    <entry>
      <code>directNumber</code>
      <label>Numero diretto</label>
      <description>Numero diretto</description>
    </entry>
    <entry>
      <code>mobile</code>
      <label>Numero di cellulare</label>
      <description>Numero di cellulare</description>
    </entry>
    <entry>
      <code>facsimile</code>
      <label>Numero di fax</label>
      <description>Numero di fax</description>
    </entry>
  </codelist>
  <codelist name="che:CHE_MD_FilmTypeCode">
    <entry>
      <code>BW</code>
      <label>BN</label>
      <description>Bianco/nero</description>
    </entry>
    <entry>
      <code>C</code>
      <label>C</label>
      <description>A colori</description>
    </entry>
    <entry>
      <code>CIR</code>
      <label>IRC</label>
      <description>Infrarosso a colori</description>
    </entry>
    <entry>
      <code>IR</code>
      <label>IR</label>
      <description>Infrarosso</description>
    </entry>
  </codelist>
  <codelist name="che:CHE_CI_projectTypeCode">
    <entry>
      <code>research</code>
      <label>Ricerca</label>
      <description>Ricerca</description>
    </entry>
    <entry>
      <code>monitoringProgram</code>
      <label>Programma di monitoraggio</label>
      <description>Programma di monitoraggio</description>
    </entry>
    <entry>
      <code>workProgram</code>
      <label>Programma di lavoro</label>
      <description>Programma di lavoro</description>
    </entry>
    <entry>
      <code>inventory</code>
      <label>Inventario</label>
      <description>Inventario / ripresa</description>
    </entry>
    <entry>
      <code>planning</code>
      <label>Pianificazione</label>
      <description>Pianificazione</description>
    </entry>
  </codelist>
  <codelist name="che:basicGeodataIDTypeCode">
    <entry>
      <code>communal</code>
      <label>Comune</label>
      <description>ID del geodato di base a livello comunale</description>
    </entry>
    <entry>
      <code>cantonal</code>
      <label>Cantone</label>
      <description>ID del geodato di base a livello cantonale</description>
    </entry>
    <entry>
      <code>federal</code>
      <label>Confederazione</label>
      <description>ID del geodato di base a livello federale (cfr. raccolta dei geodati di base del diritto federale)
      </description>
    </entry>
    <entry>
      <code>other</code>
      <label>Altro</label>
    </entry>
  </codelist>
  <codelist name="che:CHE_MD_modelTypeCode">
    <entry>
      <code>FeatureDescription</code>
      <label>Descrizione di oggetto</label>
      <description>Descrizione concettuale del modello</description>
    </entry>
    <entry>
      <code>UMLdiagram</code>
      <label>Diagramma UML</label>
      <description>Descrizione grafica del modello in UML</description>
    </entry>
    <entry>
      <code>EntityRelationshipModel</code>
      <label>Diagramma entità-relazione</label>
      <description>Descrizione grafica del modello in forma di diagramma E-R</description>
    </entry>
    <entry>
      <code>INTERLIS1</code>
      <label>INTERLIS 1</label>
      <description>Descrizione testuale del modello in INTERLIS 1</description>
    </entry>
    <entry>
      <code>INTERLIS2</code>
      <label>INTERLIS 2</label>
      <description>Descrizione testuale del modello in INTERLIS 2</description>
    </entry>
    <entry>
      <code>GML</code>
      <label>GML</label>
      <description>Descrizione testuale del modello in GML</description>
    </entry>
    <entry>
      <code>Other</code>
      <label>Altro</label>
      <description/>
    </entry>
  </codelist>
  <codelist name="che:CHE_SV_inspireServiceTypeCode">
    <entry>
      <code>DiscoveryService</code>
      <label>Servizio di ricerca</label>
    </entry>
    <entry>
      <code>ViewService</code>
      <label>Servizio di consultazione</label>
    </entry>
    <entry>
      <code>DownloadService</code>
      <label>Servizio di scaricamento</label>
    </entry>
    <entry>
      <code>TransformationService</code>
      <label>Servizio di conversione</label>
    </entry>
    <entry>
      <code>InvokeSpatialDataService</code>
      <label>Servizio di richiesta dei servizi di dati territoriali</label>
    </entry>
    <entry>
      <code>OtherServices</code>
      <label>Altri servizi</label>
    </entry>
  </codelist>
  <codelist name="gmd:DS_InitiativeTypeCode" alias="initiativeType"/>
  <codelist name="gmd:DS_AssociationTypeCode" alias="associationType">
    <entry>
      <code>largerWorkCitation</code>
      <label>Larger work citation</label>
      <description>Riferimento ad un set di dati principale, del quale il presente è parte.</description>
    </entry>
    <entry>
      <code>isTemporalStatOf</code>
      <label>Temporal state</label>
      <description>Riferimento da un set di dati in una serie temporale ad un altro set nella stessa serie.
      </description>
    </entry>
    <entry>
      <code>isDescriptionOf</code>
      <label>Description</label>
      <description>Riferimento da un set di dati che descrive i dati referenziati.</description>
    </entry>
  </codelist>
  <codelist name="che:MD_geodataTypeCode">
    <entry>
      <code>basicGeodata</code>
      <label>Basic Geodata</label>
    </entry>
    <entry>
      <code>oereb</code>
      <label>oereb</label>
    </entry>
    <entry>
      <code>oerebRegister</code>
      <label>oereb Register</label>
    </entry>
    <entry>
      <code>openGovernmentData</code>
      <label>Open Government Data</label>
    </entry>
    <entry>
      <code>openData</code>
      <label>Open Data</label>
    </entry>
    <entry>
      <code>referenceGeodata</code>
      <label>Reference Geodata</label>
    </entry>
  </codelist>
  <codelist name="gmd:MD_ScopeCode">
    <entry>
      <code>attribute</code>
      <label>Attribute</label>
      <description>Information applies to the attribute class</description>
    </entry>
    <!-- - - - - - - - - - - - - - - - - - - - - - - - - -->
    <entry>
      <code>attributeType</code>
      <label>Attribute type</label>
      <description>Information applies to the characteristic of a feature</description>
    </entry>
    <!-- - - - - - - - - - - - - - - - - - - - - - - - - -->
    <entry>
      <code>collectionHardware</code>
      <label>Collection hardware</label>
      <description>Information applies to the collection hardware class</description>
    </entry>
    <!-- - - - - - - - - - - - - - - - - - - - - - - - - -->
    <entry>
      <code>collectionSession</code>
      <label>Collection session</label>
      <description>Information applies to the collection session</description>
    </entry>
    <!-- - - - - - - - - - - - - - - - - - - - - - - - - -->
    <entry>
      <code>dataset</code>
      <label>Dataset</label>
      <description>Information applies to the dataset</description>
    </entry>
    <!-- - - - - - - - - - - - - - - - - - - - - - - - - -->
    <entry>
      <code>series</code>
      <label>Series</label>
      <description>Information applies to the series</description>
    </entry>
    <!-- - - - - - - - - - - - - - - - - - - - - - - - - -->
    <entry>
      <code>nonGeographicDataset</code>
      <label>Non geographic dataset</label>
      <description>Information applies to non-geographic data</description>
    </entry>
    <!-- - - - - - - - - - - - - - - - - - - - - - - - - -->
    <entry>
      <code>dimensionGroup</code>
      <label>Dimension group</label>
      <description>Information applies to a dimension group</description>
    </entry>
    <!-- - - - - - - - - - - - - - - - - - - - - - - - - -->
    <entry>
      <code>feature</code>
      <label>Feature</label>
      <description>Information applies to a feature</description>
    </entry>
    <!-- - - - - - - - - - - - - - - - - - - - - - - - - -->
    <entry>
      <code>featureType</code>
      <label>Feature type</label>
      <description>Information applies to a feature type</description>
    </entry>
    <!-- - - - - - - - - - - - - - - - - - - - - - - - - -->
    <entry>
      <code>propertyType</code>
      <label>Property type</label>
      <description>Information applies to a property type</description>
    </entry>
    <!-- - - - - - - - - - - - - - - - - - - - - - - - - -->
    <entry>
      <code>fieldSession</code>
      <label>Field session</label>
      <description>Information applies to a field session</description>
    </entry>
    <!-- - - - - - - - - - - - - - - - - - - - - - - - - -->
    <entry>
      <code>software</code>
      <label>Software</label>
      <description>Information applies to a computer program or routine</description>
    </entry>
    <!-- - - - - - - - - - - - - - - - - - - - - - - - - -->
    <entry>
      <code>service</code>
      <label>Service</label>
      <description>Information applies to a capability which a service provider entity makes
        available to a service user entity through a set of interfaces that define a behaviour,
        such as a use case
      </description>
    </entry>
    <!-- - - - - - - - - - - - - - - - - - - - - - - - - -->
    <entry>
      <code>model</code>
      <label>Model</label>
      <description>Information applies to a copy or imitation of an existing or hypothetical
        object
      </description>
    </entry>
    <!-- - - - - - - - - - - - - - - - - - - - - - - - - -->
    <entry>
      <code>tile</code>
      <label>Tile</label>
      <description>Information applies to a tile, a spatial subset of geographic
        data
      </description>
    </entry>
    <entry>
      <code>project</code>
      <label>Project</label>
      <description></description>
    </entry>
    <entry>
      <code>stationSite</code>
      <label>Station site</label>
      <description></description>
    </entry>
    <entry>
      <code>publication</code>
      <label>Publication</label>
      <description>Publication</description>
    </entry>

    <!-- Used for facet translation only and not displayed in editor -->
    <entry hideInEditMode="true">
      <code>map</code>
      <label>Map</label>
      <description></description>
    </entry>
    <entry hideInEditMode="true">
      <code>staticMap</code>
      <label>Static map</label>
      <description></description>
    </entry>
    <entry hideInEditMode="true">
      <code>interactiveMap</code>
      <label>Interactive map</label>
      <description></description>
    </entry>
    <entry hideInEditMode="true">
      <code>featureCatalog</code>
      <label>Feature catalog</label>
      <description></description>
    </entry>
    <!--GEOCAT-->
    <entry>
      <code>basicgeodata</code>
      <label>Basic Geodata</label>
      <description></description>
    </entry>
    <!-- - - - - - - - - - - - - - - - - - - - - - - - - -->
    <entry>
      <code>basicgeodata-federal</code>
      <label>Basic Geodata - federal</label>
      <description></description>
    </entry>
    <entry>
      <code>basicgeodata-federal</code>
      <label>Basic Geodata - federal</label>
      <description></description>
    </entry>
    <entry>
      <code>basicgeodata-communal</code>
      <label>Basic Geodata - communal</label>
      <description></description>
    </entry>
    <entry>
      <code>service-OGC:WFS</code>
      <label>WFS Services</label>
      <description></description>
    </entry>
    <entry>
      <code>service-OGC:WMS</code>
      <label>WMS Services</label>
      <description></description>
    </entry>

  </codelist>

  <!-- Geocat override: asked on behalf of SB-422 -->
  <codelist name="gmd:CI_RoleCode">
    <entry>
      <code>resourceProvider</code>
      <label>Resource provider</label>
      <description>Party that supplies the resource</description>
    </entry>
    <!-- - - - - - - - - - - - - - - - - - - - - - - - - -->
    <entry>
      <code>custodian</code>
      <label>Custodian</label>
      <description>Party that accepts accountability and
        responsability for the data and ensures
        appropriate care
        and maintenance of the resource
      </description>
    </entry>
    <!-- - - - - - - - - - - - - - - - - - - - - - - - - -->
    <entry>
      <code>owner</code>
      <label>Owner</label>
      <description>Party that owns the resource</description>
    </entry>
    <!-- - - - - - - - - - - - - - - - - - - - - - - - - -->
    <entry>
      <code>user</code>
      <label>User</label>
      <description>Party who uses the resource</description>
    </entry>
    <!-- - - - - - - - - - - - - - - - - - - - - - - - - -->
    <entry>
      <code>distributor</code>
      <label>Distributor</label>
      <description>Party who distributes the resource</description>
    </entry>
    <!-- - - - - - - - - - - - - - - - - - - - - - - - - -->
    <entry>
      <code>originator</code>
      <label>Originator</label>
      <description>Party who created the resource</description>
    </entry>
    <!-- - - - - - - - - - - - - - - - - - - - - - - - - -->
    <entry>
      <code>pointOfContact</code>
      <label>Point of contact</label>
      <description>Party who can be contacted for acquiring
        knowledge about or acquisition of the
        resource
      </description>
    </entry>
    <!-- - - - - - - - - - - - - - - - - - - - - - - - - -->
    <entry>
      <code>principalInvestigator</code>
      <label>Principal investigator</label>
      <description>Key party responsible for gathering information
        and conducting
        research
      </description>
    </entry>
    <!-- - - - - - - - - - - - - - - - - - - - - - - - - -->
    <entry>
      <code>processor</code>
      <label>Processor</label>
      <description>Party wha has processed the data in a manner
        such that the resource has been
        modified
      </description>
    </entry>
    <!-- - - - - - - - - - - - - - - - - - - - - - - - - -->
    <entry>
      <code>publisher</code>
      <label>Publisher</label>
      <description>Party who published the resource</description>
    </entry>
    <!-- - - - - - - - - - - - - - - - - - - - - - - - - -->
    <entry>
      <code>author</code>
      <label>Author</label>
      <description>Party who authored the resource</description>
    </entry>
    <entry>
      <code>editor</code>
      <label>Editor</label>
      <description></description>
    </entry>
    <entry>
      <code>partner</code>
      <label>Partner</label>
      <description></description>
    </entry>
    <entry>
      <code>specialistAuthority</code>
      <label>Specialist authority</label>
      <description>Specialist authority</description>
    </entry>
  </codelist>
  <codelist name="che:CHE_AppraisalOfArchivalValueCode">
    <entry>
      <code>A</code>
      <label>of archival value</label>
      <description>of archival value</description>
    </entry>
    <entry>
      <code>N</code>
      <label>no archival value</label>
      <description>no archival value</description>
    </entry>
    <entry>
      <code>S</code>
      <label>sampling / selection</label>
      <description>sampling / selection</description>
    </entry>
  </codelist>
  <codelist name="che:CHE_ReasonForArchivingValueCode">
    <entry>
      <code>legalRelevance</code>
      <label>Legal relevance</label>
      <description>Legal relevance</description>
    </entry>
    <entry>
      <code>guaranteeOfLegalCertainty</code>
      <label>Guarantee of legal certainty</label>
      <description>Guarantee of legal certainty</description>
    </entry>
    <entry>
      <code>evidenceOfBusinessPractice</code>
      <label>Evidence of business practice</label>
      <description>Evidence of business practice</description>
    </entry>
    <entry>
      <code>benefitsForResearch</code>
      <label>Benefits for research</label>
      <description>Benefits for research</description>
    </entry>
    <entry>
      <code>contemporaryInterest</code>
      <label>Contemporary interest</label>
      <description>Contemporary interest</description>
    </entry>
    <entry>
      <code>sensitivity</code>
      <label>Sensitivity</label>
      <description>Sensitivity</description>
    </entry>
    <entry>
      <code>developmentsProgression</code>
      <label>Developments / Progression</label>
      <description>Developments / Progression</description>
    </entry>
    <entry>
      <code>definingPowers</code>
      <label>Defining powers</label>
      <description>Defining powers</description>
    </entry>
  </codelist>

</codelists>
