﻿<?xml version="1.0" encoding="UTF-8"?>

<labels xmlns:gmd="http://www.isotc211.org/2005/gmd"
        xmlns:che="http://www.geocat.ch/2008/che">
  <element name="che:CHE_MD_Metadata" id="36">
    <label>Metadata</label>
    <help/>
    <condition/>
    <description>Root entity which defines metadata about a resource or resources</description>
  </element>
  <element name="che:CHE_MD_DataIdentification" id="36">
    <label>Informazione di base sul set di dati</label>
    <help/>
    <condition/>
    <description>Informazione di base per la descrizione univoca del set di dati</description>
  </element>
  <element name="gmd:administrativeArea" context="che:CHE_CI_Address" id="383">
    <label>Unità amministrativa</label>
    <help/>
    <condition/>
    <description>Regione o Cantone</description>
  </element>
  <element name="che:organisationAcronym" context="che:CHE_CI_ResponsibleParty" id="501.0">
    <label>Abbreviazione dell'organizzazione</label>
    <help>per es. UFAM, swisstopo...</help>
    <condition/>
    <description>Abbreviazione o sigla dell'organizzazione</description>
  </element>
  <element name="che:parentResponsibleParty" context="che:CHE_CI_ResponsibleParty" id="518.0">
    <label>Ente superiore</label>
    <help>Descrizione di gerarchie di indirizzo (per es. indirizzo della sede principale o sezione). Qui
      possono essere inserite indicazioni sull'ente / organizzazione superiore nella scala gerarchica, sulla persona
      o sull'ente responsabile (CI_ResponsibleParty). Il rinvio è effettuato verso sé stesso
      e anche le coordinate dell'ente superiore sono del tipo di dati
      CI_ResponsibleParty e vengono gestite nella classe omonima.
    </help>
    <condition/>
    <description>Descrizione di gerarchie di indirizzo (per es. indirizzo della sede principale o
      sezione)
    </description>
  </element>
  <element name="che:individualFirstName" context="che:CHE_CI_ResponsibleParty" id="521.0">
    <label>Nome</label>
    <help/>
    <condition/>
    <description/>
  </element>
  <element name="che:individualLastName" context="che:CHE_CI_ResponsibleParty" id="522.0">
    <label>Cognome</label>
    <help/>
    <condition>Indicare il cognome oppure il nome dell'organizzazione oppure la posizione</condition>
    <description/>
  </element>
  <element name="che:electronicalMailAddress" context="che:CHE_CI_ResponsibleParty" id="523.0">
    <label>E-mail</label>
    <help/>
    <condition/>
    <description>Indirizzo e-mail</description>
  </element>
  <element name="che:linkage" context="che:CHE_CI_ResponsibleParty" id="524.0">
    <label>Informazione online</label>
    <help>Qui può essere inserito per es. il sito internet dell'ente responsabile.</help>
    <condition/>
    <description>Informazione online per la presa di contatto con la persona o l'ente</description>
  </element>
  <element name="che:address" context="che:CHE_CI_ResponsibleParty" id="525.0">
    <label>Indirizzo</label>
    <help/>
    <condition/>
    <description>Recapito postale con il quale può essere contattata la persona o l'ente responsabile</description>
  </element>
  <element name="che:phone" context="che:CHE_CI_ResponsibleParty" id="526.0">
    <label>Telefono</label>
    <help/>
    <condition/>
    <description>Numero di telefono (rete fissa/mobile/fax) della persona o dell'ente responsabile</description>
  </element>
  <element name="che:number" context="gmd:CHE_CI_Telephone" id="527.0">
    <label>Numero</label>
    <help>Numero per telefono, cellulare o fax. Il genere del numero è definito con il tipo di
      numero.
    </help>
    <condition/>
    <description>Numero per telefono, cellulare o fax</description>
  </element>
  <element name="che:numberType" context="gmd:CHE_CI_Telephone" id="528.0">
    <label>Tipo di numero</label>
    <help>Tipo del numero che può essere selezionato dalla seguente lista: numero principale,
      numero diretto, numero di cellulare, numero di fax.
    </help>
    <condition/>
    <description>Tipo di numero</description>
  </element>
  <element name="che:streetName" context="che:CHE_CI_Address" id="529.0">
    <label>Via</label>
    <help/>
    <condition/>
    <description>Nome della via della localizzazione</description>
  </element>
  <element name="che:streetNumber" context="che:CHE_CI_Address" id="530.0">
    <label>Numero</label>
    <help/>
    <condition/>
    <description>Numero civico della localizzazione</description>
  </element>
  <element name="che:addressLine" context="che:CHE_CI_Address" id="531.0">
    <label>Complemento indirizzo</label>
    <help/>
    <condition/>
    <description>Informazione complementare dell'indirizzo (per es. c/o)</description>
  </element>
  <element name="che:postBox" context="che:CHE_CI_Address" id="532.0">
    <label>Casella postale</label>
    <help/>
    <condition/>
    <description/>
  </element>
  <element name="che:CHE_MD_CodeDomain" id="536">
    <label>Domini dei codici</label>
    <help>Un dominio di valori è per es. Lcoord, CharacterString, Integer ecc.</help>
    <condition/>
    <description>Definizione denominata del dominio di valori di un catalogo di oggetti</description>
  </element>
  <element name="che:name" context="che:CHE_MD_CodeDomain" id="537.0">
    <label>Designazione</label>
    <help/>
    <condition/>
    <description>Designazione della definizione del dominio di valori</description>
  </element>
  <element name="che:subDomain" context="che:CHE_MD_CodeDomain" id="538.0">
    <label>Sottodomini</label>
    <help/>
    <condition/>
    <description>Rimando alle definizioni estese dei domini di valori (ereditarietà).</description>
  </element>
  <element name="che:baseDomain" context="che:CHE_MD_CodeDomain" id="539.0">
    <label>Domini di base</label>
    <help/>
    <condition/>
    <description>Rimando alle definizioni basilari dei domini di valori</description>
  </element>
  <element name="che:type" context="che:CHE_MD_CodeDomain" id="540.0">
    <label>Tipo di dati</label>
    <help>Un tipo di dati che descrive dei valori, al contrario un classe che descrive degli
      oggetti. I valori non hanno nessuna identità e possiedono una relazione "uno-a-molti"
      con elementi che sono definiti al di fuori del modello.
    </help>
    <condition/>
    <description>Tipo di dati della definizione del dominio di valori</description>
  </element>
  <element name="che:description" context="che:CHE_MD_CodeDomain" id="541.0">
    <label>Descrizione</label>
    <help/>
    <condition/>
    <description>Descrizione della definizione del dominio di valori</description>
  </element>
  <element name="che:CHE_MD_Type" id="542.0">
    <label>Tipo</label>
    <help>Un tipo di dati che descrive dei valori, al contrario un classe che descrive degli
      oggetti. I valori non hanno nessuna identità e possiedono una relazione "uno-a-molti"
      con elementi che sono definiti al di fuori del modello.
    </help>
    <condition/>
    <description>Tipo di dati che descrive dei valori</description>
  </element>
  <element name="che:type" context="che:CHE_MD_Type" id="543.0">
    <label>Definizione del tipo</label>
    <help/>
    <condition/>
    <description>Definizione del tipo, formale o informale (per es. Testo12, Linea)</description>
  </element>
  <element name="che:value" context="che:CHE_MD_Type" id="544.0">
    <label>Valore</label>
    <help>Lista dei singoli valori per una lista di codici o enumerazione.</help>
    <condition/>
    <description>Lista dei valori</description>
  </element>
  <element name="che:CHE_MD_CodeValue" id="545.0">
    <label>Valore</label>
    <help/>
    <condition/>
    <description>Valore singolo per una lista di codici o enumerazione</description>
  </element>
  <element name="che:name" context="che:CHE_MD_CodeValue" id="546.0">
    <label>Designazione</label>
    <help/>
    <condition/>
    <description>Designazione del valore</description>
  </element>
  <element name="che:code" context="che:CHE_MD_CodeValue" id="547.0">
    <label>Codice</label>
    <help/>
    <condition/>
    <description>Codice del valore (per es. una cifra)</description>
  </element>
  <element name="che:subValue" context="che:CHE_MD_CodeValue" id="548.0">
    <label>Sottoenumerazione</label>
    <help/>
    <condition/>
    <description>Se un valore di un'enumerazione è ulteriormente suddiviso (più dettagliato), si rimanda
      ai valori subordinati
    </description>
  </element>
  <element name="che:description" context="che:CHE_MD_CodeValue" id="549.0">
    <label>Descrizione del valore</label>
    <help/>
    <condition/>
    <description/>
  </element>
  <element name="che:CHE_MD_Attribute" id="550.0">
    <label>Attributo</label>
    <help/>
    <condition/>
    <description>Attributi che sono utilizzato in classi o associazioni</description>
  </element>
  <element name="che:name" context="che:attribute" id="551.0">
    <label>Nome</label>
    <help/>
    <condition/>
    <description>Designazione dell'attributo</description>
  </element>
  <element name="che:description" context="che:attribute" id="552.0">
    <label>Descrizione</label>
    <help/>
    <condition/>
    <description>Descrizione dell'attributo</description>
  </element>
  <element name="che:namedType" id="553.0">
    <label>Tipo denominato</label>
    <help/>
    <condition/>
    <description>Rimando alla definizione del dominio di valori</description>
  </element>
  <element name="che:anonymousType" id="554.0">
    <label>Dominio dei valori</label>
    <help/>
    <condition/>
    <description>Dominio dei valori che è definito tramite le sottoclassi MD_Type e
      MD_Code
    </description>
  </element>
  <element name="che:CHE_MD_Role" id="555.0">
    <label>Ruolo</label>
    <help/>
    <condition/>
    <description>Descrizione di un'estremità di un'associazione. Ogni associazione possiede 2 estremità, ogni
      estremità è collegata a una classe. Un'estremità può essere contrassegnata esplicitamente con un
      nome. Esso viene indicato qui
    </description>
  </element>
  <element name="che:name" context="che:CHE_MD_Role" id="556.0">
    <label>Nome</label>
    <help/>
    <condition/>
    <description>Designazione del ruolo</description>
  </element>
  <element name="che:description" context="che:CHE_MD_Role" id="557.0">
    <label>Descrizione</label>
    <help/>
    <condition/>
    <description>Descrizione del ruolo</description>
  </element>
  <element name="che:toClass" context="che:CHE_MD_Role" id="558.0">
    <label>verso la classe</label>
    <help/>
    <condition/>
    <description>Puntamento alla classe alla quale è attibuito il ruolo</description>
  </element>
  <element name="che:CHE_MD_AbstractClass" id="559.0">
    <label>Classe astratta</label>
    <help/>
    <condition/>
    <description>Classe astratta di rango superiore di MD_Association e MD_Class</description>
  </element>
  <element name="che:name" id="560.0" context="che:CHE_MD_AbstractClass">
    <label>Nome</label>
    <help/>
    <condition/>
    <description>Designazione della classe astratta</description>
  </element>
  <element name="che:description" id="561.0" context="che:CHE_MD_AbstractClass">
    <label>Descrizione</label>
    <help/>
    <condition/>
    <description>Desscrizione della classe astratta</description>
  </element>
  <element name="che:name" id="560.0" context="che:CHE_MD_Association">
    <label>Nome</label>
    <description>Designazione dell'associazione</description>
  </element>
  <element name="che:description" id="561.0" context="che:CHE_MD_Association">
    <label>Descrizione</label>
    <description>Descrizione dell'associazione</description>
  </element>
  <element name="che:name" id="560.0" context="che:CHE_MD_Class">
    <label>Designazione</label>
    <description>Designazione della classe</description>
  </element>
  <element name="che:description" id="561.0" context="che:CHE_MD_Class">
    <label>Descrizione</label>
    <description>Descrizione della classe</description>
  </element>
  <element name="che:subClass" id="562.0">
    <label>Sottoclasse</label>
    <help/>
    <condition/>
    <description>Rimando alle classi estese (ereditarietà) di una classe astratta</description>
  </element>
  <element name="che:baseClass" id="563.0">
    <label>Classe di base</label>
    <help/>
    <condition/>
    <description>Rimando alla classe basilare (ereditarietà) di una classe astratta</description>
  </element>
  <element name="che:CHE_MD_Class" id="564.0">
    <label>Classe</label>
    <help/>
    <condition/>
    <description>Descrizione di una classe di un catalogo di oggetti. Una classe è un insieme di
      oggetti simili con le stesse proprietà. Ogni proprietà è descritta mediante un
      attributo
    </description>
  </element>
  <element name="che:CHE_MD_Association" id="565.0">
    <label>Associazione</label>
    <help/>
    <condition/>
    <description>Descrizione di una relazione concreta tra classi</description>
  </element>
  <element name="che:role" id="566.0">
    <label>Ruolo</label>
    <help/>
    <condition/>
    <description>Rimando alla estremità (ruoli) di una relazione concreta</description>
  </element>
  <element name="che:attribute" id="586.0">
    <label>Attributo</label>
    <description>Attributo di una classe</description>
    <condition/>
  </element>
  <element name="che:CHE_SV_ServiceIdentification" id="40.0">
    <label>Informazione di base sul servizio</label>
    <description>Informazione di base sulla capacità di prestazione del servizio già in funzione secondo la norma ISO
      19119, risp. il profilo GM03_2+
    </description>
  </element>
  <element name="che:inspireServiceType">
    <label>Tipo dei servizi INSPIRE</label>
    <description></description>
  </element>
  <element name="che:legislationInformation" id="505">
    <label>Base giuridica</label>
    <help>Informazione su riferimenti legislativi concernenti la/e risorsa/e. Queste indicazioni
      sono gestite nella classe MD_Legislation.
    </help>
    <condition/>
    <description>Informazioni sui riferimenti legislativi concernenti la/e
      risorsa/e
    </description>
  </element>
  <element name="che:CHE_MD_Legislation" id="506.0">
    <label>Base giuridica</label>
    <help>Per es. indicazioni su leggi e ordinanze.</help>
    <condition/>
    <description>Informazioni su prescrizioni legislative</description>
  </element>
  <element name="che:title" id="507.0">
    <label>Titolo della legge</label>
    <help/>
    <condition>Titolo e indicazione della data sono obbligatori</condition>
    <description>Designazione e data del testo legislativo</description>
  </element>
  <element name="che:country" context="che:CHE_MD_Legislation" id="508.0">
    <label>Paese</label>
    <help>Paese nel quale è stata messa in vigore la legge, selezione dalla lista dei paesi ISO.</help>
    <condition>Obbligatorio</condition>
    <description>Paese nel quale è stata messa in vigore la legge</description>
    <helper>
      <option value="CH">Svizzera (CH)</option>
      <option value="DE">Germania (DE)</option>
      <option value="LI">Lichtenstein (LI)</option>
      <option value="FR">Francia (FR)</option>
      <option value="IT">Italia (IT)</option>
      <option value="AT">Austria (AT)</option>
    </helper>
  </element>
  <element name="che:language" context="che:CHE_MD_Legislation" id="509.0">
    <label>Lingua</label>
    <help/>
    <condition>Obbligatorio</condition>
    <description>Lingua nella quale è redatta la legge</description>
  </element>
  <element name="che:legislationType" context="che:CHE_MD_Legislation" id="510.0">
    <label>Tipo di legge</label>
    <help>Selezione dalla seguente lista: statuti di diritto privato, statuti di diritto pubblico, legge comunale, legge
      cantonale, legge federale, ordinanza federale, convenzione internazionale, altro accordo.
    </help>
    <condition>Obbligatorio</condition>
    <description>Genere della legge</description>
  </element>
  <element name="che:internalReference" context="che:CHE_MD_Legislation" id="511.0">
    <label>Riferimento interno</label>
    <help/>
    <condition/>
    <description>Riferimento interno alla legge (articolo, capoverso, ecc.).</description>
  </element>
  <element name="che:ProjectType" context="che:CHE_MD_Identification" id="512">
    <label>Tipo di progetto</label>
    <help>Selezione dalla seguente lista: ricerca, programma di monitoraggio, programma di lavoro, inventario.</help>
    <condition/>
    <description>Tipo dell'attività o del progetto con il quale sono stati raccolti i dati</description>
  </element>
  <element name="che:dataModel" context="che:CHE_MD_FeatureCatalogueDescription" id="533">
    <label>Modello di dati</label>
    <help>Questo modello concettuale corrisponde al catalogo degli oggetti (per es. descrizione INTERLIS, diagramma UML,
      catalogo degli oggetti, ecc.).
    </help>
    <condition/>
    <description>Rimando al modello di dati del set di dati</description>
  </element>
  <element name="che:domain" context="che:CHE_MD_FeatureCatalogueDescription" id="534">
    <label>Domini</label>
    <help>Definizione esplicita dei domini dei valori nel suddetto catalogo.</help>
    <condition/>
    <description>Dominio dei valori</description>
  </element>
  <element name="che:class" context="che:CHE_MD_FeatureCatalogueDescription" id="535">
    <label>Classe</label>
    <help>Classi di oggetti.</help>
    <condition/>
    <description>Classi di oggetti</description>
  </element>
  <element name="che:revision" id="567">
    <label>Ultimo aggiornamento</label>
    <help>Informazioni sull'ultimo aggiornamento della risorsa e sulla sua validità. Nel caso
      non venga aggiornato contemporaneamente tutto il set di dati, con "revisionScope" e
      "revisionScopeDescription" si può descrivere individualmente ogni parte aggiornata. Per es.:
      i beni immobili della MU sono aggiornati annualmente, la nomenclatura solo se necessario.
    </help>
    <condition/>
    <description>Informazioni sull'ultimo aggiornamento della risorsa e sulla sua
      validità
    </description>
  </element>
  <element name="che:CHE_MD_Revision" id="568.0">
    <label>Informazione sull'aggiornamento</label>
    <help>Informazione sul contesto e la data dell'ultimo aggiornamento.</help>
    <condition/>
    <description>Informazione sul contesto e la data dell'ultimo aggiornamento</description>
  </element>
  <element name="che:revisionScope" context="che:CHE_MD_Revision" id="569.0">
    <label>Volume dell'aggiornamento</label>
    <help>Volume dei dati che sono stati aggiornati.</help>
    <condition/>
    <description>Volume dei dati che sono stati aggiornati</description>
  </element>
  <element name="che:dateOfLastUpdate" context="che:CHE_MD_Revision" id="570.0">
    <label>Data dell'ultimo aggiornamento</label>
    <help>Data dell'ultimo aggiornamento.</help>
    <condition/>
    <description>Data dell'ultimo aggiornamento</description>
  </element>
  <element name="che:revisionNote" context="che:CHE_MD_Revision" id="571.0">
    <label>Osservazioni sull'aggiornamento</label>
    <help>Osservazioni sull'ultimo aggiornamento.</help>
    <condition/>
    <description>Osservazioni sull'ultimo aggiornamento</description>
  </element>
  <element name="che:revisionScopeDescription" context="che:CHE_MD_Revision" id="572.0">
    <label>Descrizione del volume di aggiornamento</label>
    <help>Informazioni supplementari sull'estensione o il volume dell'aggiornamento.</help>
    <condition/>
    <description>Informazioni supplementari sull'estensione o il volume
      dell'aggiornamento
    </description>
  </element>
  <element name="che:filmType" id="577">
    <label>Tipo di film</label>
    <help>Tipo di pellicola con la quale è stata ripresa l'immagine. Si può selezionare dalla seguente lista: BN
      (bianco/nero), C (a colori), IRC (infrarosso a colori), IR (infrarosso).
    </help>
    <condition/>
    <description>Tipo di pellicola con la quale è stata ripresa l'immagine</description>
  </element>
  <element name="che:focalDistance" id="578">
    <label>Distanza focale</label>
    <help>Distanza focale con la quale è stata ripresa l'immagine.</help>
    <condition/>
    <description>Distanza focale con la quale è stata ripresa l'immagine</description>
  </element>
  <element name="che:modelType">
    <label>Genere del modello</label>
    <help/>
    <condition/>
    <description>Selezione da lista di codici</description>
  </element>
  <element name="che:CHE_MD_FeatureCatalogueDescription">
    <label>Catalogo dei generi di oggetto</label>
    <help/>
    <condition/>
    <description>Informazione sul catalogo dei generi di oggetto o sullo schema concettuale</description>
  </element>
  <element name="che:CHE_CI_ResponsibleParty">
    <label>Servizio responsabile</label>
    <help/>
    <condition/>
    <description>Informazione di contatto sulla persona o l'ente, che è in relazione con la risorsa</description>
  </element>
  <element name="che:CHE_CI_Telephone">
    <label>Telefono</label>
    <help/>
    <condition/>
    <description>Numero di telefono (rete fissa/mobile/fax) della persona o dell'ente responsabile</description>
  </element>
  <element name="che:CHE_CI_Address">
    <label>Indirizzo</label>
    <help/>
    <condition/>
    <description>Indirizzo del servizio responsabile</description>
  </element>

  <element name="che:projectType">
    <label>Tipo di progetto</label>
    <description>Tipo dell'attività o del progetto</description>
    <help>Tipo dell'attività o del progetto con il quale sono stati raccolti i dati. Selezione dalla seguente lista:
      ricerca, programma di monitoraggio, programma di lavoro, inventario.
    </help>
  </element>
  <element name="che:revisionExtent" context="che:CHE_MD_Revision">
    <label>Ampiezza dell'aggiornamento</label>
    <description>Ampiezza interessata dall'ultimo aggiornamento</description>
    <help></help>
  </element>
  <element name="che:revisionContact" context="che:CHE_MD_Revision">
    <label>Contatto per l'aggiornamento</label>
    <description>Indicazioni di contatto in merito all'ultimo aggiornamento</description>
    <help></help>
  </element>
  <element name="che:LocalisedURL">
    <label>URL (multilingue)</label>
    <description></description>
    <help></help>
  </element>
  <!-- codelist <element name="che:CHE_MD_modelTypeCode" context="che:CHE_MD_FeatureCatalogueDescription">
      <label>Art des Modells</label>
      <description>Codeliste zur Auswahl</description>
      <help></help>
  </element>-->
  <element name="che:dateOfMonitoringState" context="che:CHE_MD_MaintenanceInformation">
    <label>Stato dei dati di monitoraggio</label>
    <description>Data dello stato di raccolta dei dati di monitoraggio</description>
    <help>Si prega di indicare solo in caso di aggiornamento dei dati e non dei metadati.</help>
  </element>
  <element name="che:historyConcept">
    <label>Concetto di storicizzazione</label>
    <description>Indicazioni sul concetto di storicizzazione dei dati e dei metadati</description>
    <help>Secondo la LGI per i geodati di base di diritto federale deve essere allestito un concetto di
      storicizzazione.
    </help>
  </element>
  <element name="che:archiveConcept">
    <label>Cocetto di archiviazione</label>
    <description>Indicazioni sul concetto di archiviazione dei dati e dei metadati</description>
    <help>Secondo la LGI per i geodati di base di diritto federale deve essere allestito un concetto di archiviazione.
    </help>
  </element>
  <element name="che:historyConceptCitation">
    <label>Designazione del concetto di storicizzazione</label>
    <description>Titolo e data</description>
    <help></help>
  </element>
  <element name="che:historyConceptURL">
    <label>URL del concetto di storicizzazione</label>
    <description>Se il concetto di storicizzazione è accessibile online, qui si può indicare il suo indirizzo URL
    </description>
    <help></help>
  </element>
  <element name="che:CHE_MD_HistoryConcept">
    <label>Concetto di storicizzazione</label>
    <description>Indicazioni sul concetto di storicizzazione dei dati e dei metadati</description>
    <help>Secondo la LGI per i geodati di base di diritto federale deve essere allestito un concetto di
      storicizzazione.
    </help>
  </element>
  <element name="che:archiveConceptCitation">
    <label>Designazione del concetto di archiviazione</label>
    <description>Titolo e data</description>
    <help></help>
  </element>
  <element name="che:archiveConceptURL">
    <label>URL del concetto di archiviazione</label>
    <description>Se il concetto di archiviazione è accessibile online, qui si può indicare il suo indirizzo URL
    </description>
    <help></help>
  </element>
  <element name="che:CHE_MD_ArchiveConcept">
    <label>Concetto di archiviazione</label>
    <description>Indicazioni sul concetto di archiviazione dei dati e dei metadati</description>
    <help>Secondo la LGI per i geodati di base di diritto federale deve essere allestito un concetto di archiviazione.
    </help>
  </element>
  <element name="che:CHE_MD_MaintenanceInformation">
    <label>Tenuta a giorno dei dati</label>
    <description>Informazione sul volume e il ritmo dell'aggiornamento</description>
    <help>Per es. informazioni sulla tenuta a giorno.</help>
  </element>
  <element name="che:CHE_MD_LegalConstraints">
    <label>Restrizioni giuridiche</label>
    <description>Restrizioni e condizioni giuridiche per l'accessibilità nonché per l'utilizzo
      della risorsa o dei metadati
    </description>
    <help></help>
  </element>
  <element name="che:portrayalCatalogueURL">
    <label>URL del modello di rappresentazione</label>
    <description>Se il modello di rappresentazione è accessibile online, qui si può indicare il suo indirizzo URL
    </description>
  </element>
  <element name="che:CHE_MD_PortrayalCatalogueReference" id="268.0">
    <label>Modello di rappresentazione</label>
    <description>Informazione sulle regole per la rappresentazione di una risorsa</description>
    <help>Per es. catalogo dei simboli.</help>
  </element>
  <element name="che:basicGeodataID">
    <label>Identificatore del geodato di base</label>
    <description>Identificatore del geodato (o del set di geodati) di base secondo Allegato 1 dell'Ordinanza sulla
      geoinformazione (OGI), risp. della raccolta dei geodati di base
    </description>
    <help>In caso di domande si prega di rivolgersi al team geocat.ch.</help>
  </element>
  <element name="che:basicGeodataIDType">
    <label>Genere dell'identificatore</label>
    <description>Indicazione se nel caso del suddetto identificatore si tratta di un geodato (o di un set di geodati) di
      base di competenza federale, cantonale o comunale
    </description>
    <help/>
  </element>
  <element name="che:inspireServiceType">
    <label>Tipo dei servizi INSPIRE</label>
    <description>Classificazione dei servizi secondo le direttive esecutive di INSPIRE per metadati</description>
  </element>
  <element name="che:PT_FreeURL">
    <label>URL libero</label>
    <description>Classe per la descrizione di un indirizzo URL in più lingue</description>
  </element>
  <element name="che:URLGroup">
    <label>Gruppo URL</label>
    <description>Classe per la gestione di indirizzi URL in più lingue</description>
  </element>
  <element name="che:directNumber">
    <label>Numero diretto</label>
    <description/>
  </element>
  <element name="che:mobile">
    <label>Numero di cellulare</label>
    <description/>
  </element>
  <element name="che:legislationConstraints" id="582.0">
    <label>Restrizioni giuridiche</label>
    <description>Informazioni sulla base giuridica di una restrizione</description>
    <help>Per es. rimando ad una legge o a un'ordinanza.</help>
  </element>
  <element name="che:CHE_MD_ImageDescription" id="243.0">
    <label>Caratteristiche di ripresa di un'immagine</label>
    <help/>
    <condition/>
    <description>Informazione sull'utilizzazione di un'immagine</description>
  </element>
  <element name="che:CHE_MD_CoverageDescription" id="239.0">
    <label>Contenuto di un dato raster</label>
    <help/>
    <condition/>
    <description>Informazione sul contenuto di una cella (pixel) di un dato raster</description>
  </element>
  <element name="che:basicGeodataIDTypeCode">
    <label>Geodata Type Code</label>
    <description>Basic Geodata ID Type Code</description>
  </element>
  <element name="che:MD_geodataTypeCode">
    <label>Geodata Type Code</label>
  </element>
  <element name="che:geodataType">
    <label>Geodata Type</label>
    <description>Characterization of a Dataset</description>
    <help>Classification of the dataset in a larger group of similar datasets with the help of the enclosed codelist
    </help>
  </element>

  <!-- SB-422: AAP -->
  <element name="che:appraisal">
    <label>Appraisal AAP</label>
    <description>Appraisal AAP</description>
  </element>
  <element name="che:durationOfConservation">
    <label>Duration of conservation</label>
    <description>Duration of conservation</description>
  </element>
  <element name="che:commentOnDurationOfConservation">
    <label>Comment on duration of conservation</label>
    <description>Comment on duration of conservation</description>
  </element>
  <element name="che:appraisalOfArchivalValue">
    <label>Appraisal of archival value</label>
    <description>Appraisal of archival value</description>
  </element>
  <element name="che:CHE_AppraisalOfArchivalValueCode">
    <label>Appraisal of archival value</label>
    <description>Appraisal of archival value</description>
  </element>
  <element name="che:reasonForArchivingValue">
    <label>Reason for archiving value</label>
    <description>Reason for archiving value</description>
  </element>
  <element name="che:CHE_ReasonForArchivingValueCode">
    <label>Reason for archiving value</label>
    <description>Reason for archiving value</description>
  </element>
  <element name="che:commentOnArchivalValue">
    <label>Comment on archival value</label>
    <description>Comment on archival value</description>
  </element>
  <element name="gmd:protocol" id="398.0" alias="protocol">
    <label>Protocollo</label>
    <description>Protocollo di connessione utilizzato</description>
    <helper>
      <option value="WWW:LINK">Web address (URL)</option>
      <option value="WWW:DOWNLOAD-URL">File per il download (URL)</option>
      <option value="OGC:WMS">OGC-WMS Web Map Service</option>
      <option value="OGC:WFS">OGC-WFS Web Feature Service</option>
      <option value="OGC:WCS">OGC-WCS Web Coverage Service</option>
      <option value="OGC:WMTS">OGC-WMTS Web Map Tile Service</option>
      <option value="OGC:WMC">OGC-WMC Web Map Context</option>
      <option value="ESRI:REST">ArcGIS REST Services</option>
      <option value="CHTOPO:specialised-geoportal">Geoportale specializzato</option>
      <option value="MAP:Preview">map.geo.admin.ch preview</option>
      <option value="OPENDATA:SWISS">Permalink opendata.swiss</option>
      <option value="WWW:DOWNLOAD-APP">Download-APP (geoshop)</option>
      <option value="Linked:data">Linked:data	</option>
    </helper>
  </element>

  <element name="gmd:extent">
    <label>Estensione</label>
    <description>Estensione spaziale e temporale dei dati</description>
    <_condition>Conditional / if hierarchyLevel equals "dataset"? Either
      extent.geographicElement.EX_GeographicBoundingBox or
      extent.geographicElement.EX_GeographicDescription is required
    </_condition>
    <class>gn-required</class>
  </element>
  <element name="gco:Date">
    <label>data</label>
    <description>data</description>
  </element>

</labels>
