<strings>
  <schematron.title>Regole di implementazione GM03</schematron.title>
  <M100>Geodati di base</M100>
  <alert.M100>
    <div>
      <h2>Il tipo di Geodati di base e obbligatorio se c'è un'identificatore di Geodati di base.</h2>
    </div>
  </alert.M100>
  <report.M100>
    <div>
      <h2>Il tipo di Geodati di base e obbligatorio se c'è un'identificatore di Geodati di base.</h2>
    </div>
  </report.M100>
  <M101>Tipo di modello</M101>
  <alert.M101>
    <div>
      <h2>Il tipo di modello è obbligatorio</h2>
    </div>
  </alert.M101>
  <report.M101>
    <div>
      <h2>Il tipo di modello è obbligatorio</h2>
    </div>
  </report.M101>
  <M102>Valori dei Codelist</M102>
  <alert.M102>
    <div>
      <h2>Selezionare un valore del codelist o rimuovere l'elemento completamente.</h2>
    </div>
  </alert.M102>
  <report.M102>
    <div>
      <h2>Selezionare un valore del codelist o rimuovere l'elemento completamente.</h2>
    </div>
  </report.M102>
  <M103>Titolo</M103>
  <alert.M103>
    <div>
      <h2>I titoli sono obbligatori. Aggiungere un titolo o rimuove tutta la classe di citazione respettiva.</h2>
    </div>
  </alert.M103>
  <report.M103>
    <div>
      <h2>I titoli sono obbligatori. Aggiungere un titolo o rimuove tutta la classe di citazione respettiva.</h2>
    </div>
  </report.M103>
  <M104>Topic Categories</M104>
  <alert.M104>
    <div>
      <h2>protezione dell’ambiente e della natura, pianificazione territoriale – catasto fondiario,
        geologia-suolo-rischi naturali, carte di base-copertura del suolo-immagini aeree non è una categoria tematica
        valida secondo iso19139.che: selezionare una sotto-categoria
      </h2>
    </div>
  </alert.M104>
  <report.M104>
    <div>
      <h2>protezione dell’ambiente e della natura, pianificazione territoriale – catasto fondiario,
        geologia-suolo-rischi naturali, carte di base-copertura del suolo-immagini aeree non è una categoria tematica
        valida secondo iso19139.che: selezionare una sotto-categoria
      </h2>
    </div>
  </report.M104>
  <M105>Contact country code</M105>
  <alert.M105>
    <div>
      <h2>Country code is not valid for some contact select CH, LI, IT, AT, DE, FR value</h2>
    </div>
  </alert.M105>
  <report.M105>
    <div>
      <h2>Country code is not valid for some contact select CH, LI, IT, AT, DE, FR value</h2>
    </div>
  </report.M105>
  <hierarchyLevelName>Dataset Hierarchy Level Name</hierarchyLevelName>
  <alert.needsHierarchyLevelName>
    <div>A hierarchyLevelName is required because hierarchyLevel is not dataset (and is present in metadata). The
      solution is to add a hierarchyLevelName, remove hierarchyLevel element, or change hierarchyLevel to dataset
    </div>
  </alert.needsHierarchyLevelName>
  <report.needsHierarchyLevelName>
    <div>hierarchyLevelName is defined or hierarchyLevel is dataset or hierarchyLevel is not present in metadata</div>
  </report.needsHierarchyLevelName>
</strings>
