<strings>
  <schematron.title>BGDI</schematron.title>
  <translatedTitle>Traduzioni titolo</translatedTitle>
  <deTitleRequired>Identificazione dei dati / Citazione / il titolo è obbligatorio e richiede una traduzione in
    tedesco
  </deTitleRequired>
  <deTitleReport>Titolo in tedesco:</deTitleReport>
  <frTitleRequired>Identificazione dei dati / Citazione / il titolo è obbligatorio e richiede una traduzione in
    francese
  </frTitleRequired>
  <frTitleReport>Titolo in francese:</frTitleReport>

  <translatedAltTitle>Traduzioni titolo alternativo</translatedAltTitle>
  <deAltTitleRequired>Identificazione dei dati / Citazione / il titolo alternativo è obbligatorio e richiede una
    traduzione in tedesco
  </deAltTitleRequired>
  <deAltTitleReport>Titolo alternativo in tedesco:</deAltTitleReport>
  <deAltTitleMaxLength>Il titolo alternativo in tedesco è troppo lungo: la lunghezza massima è di 35 caratteri
  </deAltTitleMaxLength>
  <deAltTitleMaxLengthReport>Lunghezza titolo alternativo in tedesco:</deAltTitleMaxLengthReport>
  <frAltTitleRequired>Identificazione dei dati / Citazione / il titolo alternativo è obbligatorio e richiede una
    traduzione in francese
  </frAltTitleRequired>
  <frAltTitleReport>Titolo alternativo in francese:</frAltTitleReport>
  <frAltTitleMaxLength>Il titolo alternativo in francese è troppo lungo: la lunghezza massima è di 35 caratteri
  </frAltTitleMaxLength>
  <frAltTitleMaxLengthReport>Lunghezza titolo alternativo in francese:</frAltTitleMaxLengthReport>

  <translatedAbstract>Traduzioni sommario</translatedAbstract>
  <deAbstractRequired>Identificazione dei dati / il sommario è obbligatorio e richiede una traduzione in tedesco
  </deAbstractRequired>
  <deAbstractReport>Sommario in tedesco:</deAbstractReport>
  <frAbstractRequired>Identificazione dei dati / il sommario è obbligatorio e richiede una traduzione in francese
  </frAbstractRequired>
  <frAbstractReport>Sommario in francese:</frAbstractReport>

  <pointOfContact>Punto di Contatto</pointOfContact>
  <pointOfContactRequired>Identificazione / il Punto di Contatto è obbligatorio
  </pointOfContactRequired>
  <pointOfContactReport>Punto di Contatto è presente</pointOfContactReport>
</strings>
