<strings>
  <!--<-->

  <mandatoryFields>Check mandatory fields</mandatoryFields>

  <appraisalSectionRequired>Appraisal section has to be defined when AAP keyword is used.</appraisalSectionRequired>
  <notAppraisalSectionRequired>AAP keyword is not used or appraisal section is defined.</notAppraisalSectionRequired>

  <durationOfConservationRequired>durationOfConservation is required (integer)</durationOfConservationRequired>
  <durationOfConservationReport>duration of conservation:</durationOfConservationReport>

  <appraisalOfArchivalValueRequired>appraisalOfArchivalValue is required (codelist)</appraisalOfArchivalValueRequired>
  <appraisalOfArchivalValueReport>appraisal of archival value:</appraisalOfArchivalValueReport>

  <!--<-->
  <reasonForArchivalValuePresence>Test presence or absence of reasonForArchivalValue field</reasonForArchivalValuePresence>

  <reasonForArchivalValueAbsent>Field is absent</reasonForArchivalValueAbsent>
  <notReasonForArchivalValueAbsent>Field is present or optional</notReasonForArchivalValueAbsent>

  <!--<-->
  <officalAndAAP>Official and AAP</officalAndAAP>

  <cantSetManyTopicsWhenOfficalAndAAP>Only one topic category is allowed when using keywords "AAP" and "official geodata.</cantSetManyTopicsWhenOfficalAndAAP>
  <notCantSetManyTopicsWhenOfficalAndAAP>Either this metadata is not both official and AAP, or it does not relate to many topics.</notCantSetManyTopicsWhenOfficalAndAAP>

</strings>
