<strings>
  <schematron.title>Set di geodati di base</schematron.title>
  <collectivetitle>Titolo collettivo</collectivetitle>
  <collectiveTitleRequired>Identificazione dei dati / Citazione / il titolo collettivo è obbligatorio
  </collectiveTitleRequired>
  <collectiveTitleReport>Titolo collettivo:</collectiveTitleReport>

  <basicGeoDataInfo>Geodati di base</basicGeoDataInfo>
  <geodataIdRequired>Identificazione dei dati / l’identificatore dei geodati di base è obbligatorio</geodataIdRequired>
  <geodataIdReport>Identificatore geografico:</geodataIdReport>

  <geodataTypeRequired>Identificazione dei dati / il tipo dei geodati di base è obbligatorio</geodataTypeRequired>
  <geodataTypeReport>Tipo geografico di base:</geodataTypeReport>

  <legislativeInformation>Base giuridica</legislativeInformation>
  <legislativeInformationRequired>Metadata / Base giuridica è obbligatorio</legislativeInformationRequired>
  <legislativeInformationReport>Metadata / Base giuridica è presente</legislativeInformationReport>
</strings>
