<?xml version="1.0" encoding="UTF-8"?>
<strings>
  <schematron.title>GeoNetwork Recommendations</schematron.title>
  <M500>[Language] - la lingua del metadato non è definita e sono dichiarati in altre lingue e la lingua principale per
    il metadato NON DEVE essere definita nella sezione lingua.
  </M500>
  <alert.M500>
    <div>Verifica se la lingua principale non è impostata quando sono definite più lingue (es. gmd:locale)
      (vedi la sezione Vista Avanzata / Metadato).
      <br/>
      <span class="validationReportSuggestion">Suggerimento: Definire una lingua principale per il metadato
        oppure eliminare le altre lingue.
      </span>
    </div>
  </alert.M500>
  <report.M500>La lingua principale per il metadato è:</report.M500>
  <alert.M501>
    <div>Dichiarare la lingua principale per il metadato solo una volta (vedi Advanced view / metadata section).
      <br/>
      <span class="validationReportSuggestion">Suggerimento: rimuoverlo dalla sezione di lingua.</span>
    </div>
  </alert.M501>
  <report.M501>Nessuna lingua duplicata trovata</report.M501>
</strings>
