<?xml version="1.0" encoding="UTF-8"?>
<codelists xmlns:gmd="http://www.isotc211.org/2005/gmd">

  <codelist name="gmd:MD_TopicCategoryCode" alias="topicCategory">
    <!-- - - - - - - - - - - - - - - - - - - - - - - - - -->
    <entry>

      <code>imageryBaseMapsEarthCover</code>
      <label>A Basiskarten, Bodenbedeckung, Bilddaten</label>
      <description>Basiskarten und -daten, z.B. Landbedeckung, topografische Karten, Luftbilder, Ortsnamen</description>
    </entry>
    <entry>
      <code>imageryBaseMapsEarthCover_BaseMaps</code>
      <label>A1 Basiskarten, Landschaftsmodelle</label>
      <description/>
    </entry>
    <entry>
      <code>imageryBaseMapsEarthCover_EarthCover</code>
      <label>A2 Bodenbedeckung, Bodennutzung</label>
      <description/>
    </entry>
    <entry>
      <code>imageryBaseMapsEarthCover_Imagery</code>
      <label>A3 Luft-, Satellitenbilder</label>
      <description/>
    </entry>
    <!-- - - - - - - - - - - - - - - - - - - - - - - - - -->
    <entry>
      <code>location</code>
      <label>B Ortsangaben, Referenzsysteme</label>
      <description>Positionierungsangaben und -dienste, z.B. Adressen, Vermessungsnetze, Kontrollpunkte, Postleitzahlenbereiche, Ortsnamen, Gazetteer</description>

    </entry>
    <!-- - - - - - - - - - - - - - - - - - - - - - - - - -->
    <entry>
      <code>elevation</code>
      <label>C Höhen</label>
      <description>Höhenangabe bezogen auf ein Höhenreferenzsystem, z.B. Höhenlage, Bathymetrie, digitale Geländemodelle, Hangneigung, Höhenmodelle, abgeleitete Daten</description>

    </entry>
    <!-- - - - - - - - - - - - - - - - - - - - - - - - - -->
    <entry>
      <code>boundaries</code>
      <label>D Politische und administrative Grenzen</label>
      <description>Gesetzlich festgelegte Grenzen, z.B. politische und administrative Grenzen</description>
    </entry>
    <!-- - - - - - - - - - - - - - - - - - - - - - - - - -->
    <entry>
      <code>planningCadastre</code>
      <label>E Raumplanung, Grundstückskataster</label>
      <description>Informationen für die Flächennutzungsplanung, z.B. Landnutzungspläne, Flächennutzungspläne, Katastervermessung, Liegenschaften, Bebauungspläne, Landschaftsprogramm</description>
    </entry>
    <entry>
      <code>planningCadastre_Planning</code>
      <label>E1 Raumplanung, Raumentwicklung</label>
      <description/>
    </entry>
    <entry>
      <code>planningCadastre_Cadastre</code>
      <label>E2 Grundstückskataster</label>
      <description/>
    </entry>
    <!-- - - - - - - - - - - - - - - - - - - - - - - - - -->
    <entry>
      <code>geoscientificInformation</code>
      <label>F Geologie, Boden, naturbedingte Risiken</label>
      <description>Geowissenschaftliche Informationen, z.B. geophysikalische Eigenschaften und Prozesse, Geologie, Minerale, Zusammensetzung, Struktur und Entstehung des Erdgesteins, Erdbebenrisikoanalysen, vulkanische Aktivität, Erdrutsche, gravimetrische Informationen, Böden, Permafrost, Hydrogeologie, Erosion</description>
    </entry>
    <entry>
      <code>geoscientificInformation_Geology</code>
      <label>F1 Geologie</label>
      <description/>
    </entry>
    <entry>
      <code>geoscientificInformation_Soils</code>
      <label>F2 Boden</label>
      <description/>
    </entry>
    <entry>
      <code>geoscientificInformation_NaturalHazards</code>
      <label>F3 Naturbedingte Risiken</label>
      <description/>
    </entry>
    <!-- - - - - - - - - - - - - - - - - - - - - - - - - -->
    <entry>
      <code>biota</code>
      <label>G Wald, Flora, Fauna</label>
      <description>Flora und/oder Fauna in der natürlichen Umgebung, z.B. wild lebende Tiere, Vegetation, Biowissenschaften, Ökologie, Wildnis, marine Lebewesen, Feuchtgebiete, Habitate, Biotope</description>
    </entry>
    <!-- - - - - - - - - - - - - - - - - - - - - - - - - -->
    <entry>
      <code>oceans</code>
      <label>H Meere</label>
      <description>Merkmale und Charakteristika von salzhaltigen Gewässern (ausser Binnengewässern), z.B. Gezeiten, Tidenwelle, Küsteninformationen, Riffe</description>
    </entry>
    <!-- - - - - - - - - - - - - - - - - - - - - - - - - -->
    <entry>
      <code>inlandWaters</code>
      <label>I Gewässer</label>
      <description>Binnengewässerdaten, Gewässernetze und deren Eigenschaften, z.B. Flüsse und Gletscher, Salzseen, Wassernutzungspläne, Dämme, Strömungen, Hochwasser, Wasserqualität</description>
    </entry>
    <!-- - - - - - - - - - - - - - - - - - - - - - - - - -->
    <entry>
      <code>climatologyMeteorologyAtmosphere</code>
      <label>K Atmosphäre, Luft, Klima</label>
      <description>Prozesse und Naturereignisse der Atmosphäre inkl. Klimatologie und Meteorologie, z.B. Wolkenbedeckung, Wetter, Klima, Witterungsverhältnisse, Klimawandel, Niederschlag</description>
    </entry>
    <!-- - - - - - - - - - - - - - - - - - - - - - - - - -->
    <entry>
      <code>environment</code>
      <label>L Umwelt-, Naturschutz</label>
      <description>Umweltressourcen, Umweltschutz und Umwelterhaltung, z.B. Umweltverschmutzung, Abfalllagerung und -verwertung, Umweltverträglichkeitsstudie, Umweltrisikomonitoring, Naturreservate, Landschaft</description>
    </entry>
    <entry>
      <code>environment_EnvironmentalProtection</code>
      <label>L1 Umweltschutz, Lärm</label>
      <description/>
    </entry>
    <entry>
      <code>environment_NatureProtection</code>
      <label>L2 Natur- und Landschaftsschutz</label>
      <description/>
    </entry>
    <!-- - - - - - - - - - - - - - - - - - - - - - - - - -->
    <entry>
      <code>society</code>
      <label>M Bevölkerung, Gesellschaft, Kultur</label>
      <description>Kulturelle und gesellschaftliche Merkmale, z.B. Besiedlung, Anthropologie, Archäologie, Bildung, Religion, Sitten und Bräuche, demografische Daten, Erholungsgebiete und -aktivitäten, Sozialstudie, Verbrechen und Justiz, Zensusdaten</description>
    </entry>
    <!-- - - - - - - - - - - - - - - - - - - - - - - - - -->
    <entry>
      <code>health</code>
      <label>N Gesundheit</label>
      <description>Gesundheit, Gesundheitsdienste, Humanökologie und Betriebssicherheit, z.B. Erkrankungen und Krankheit, Gesundheitsfaktoren, Hygiene, Drogenmissbrauch, psychische und physische Gesundheit, Gesundheitsdienste</description>
    </entry>
    <!-- - - - - - - - - - - - - - - - - - - - - - - - - -->
    <entry>

      <code>structure</code>
      <label>O Gebäude, Anlagen</label>
      <description>Anthropogene Bauten, z.B. Gebäude, Museen, Kirchen, Fabriken, Wohngebäude, Denkmäler, Geschäfte, Türme</description>
    </entry>
    <!-- - - - - - - - - - - - - - - - - - - - - - - - - -->
    <entry>
      <code>transportation</code>

      <label>P Verkehr</label>
      <description>Mittel und Wege zur Beförderung von Personen und/oder Gütern, z.B. Strassen, Flughäfen/Landepisten, Schifffahrtswege, Tunnel, Seekarten, Positionen von Fahrzeugen, Luftfahrtskarten, Schienennetz</description>
    </entry>
    <!-- - - - - - - - - - - - - - - - - - - - - - - - - -->
    <entry>
      <code>utilitiesCommunication</code>
      <label>Q Ver-, Entsorgung, Kommunikation</label>

      <description>Energie-, Wasser- und Abfallsysteme, Kommunikationsinfrastruktur und -dienste, z.B. Wasserkraft, geothermische, solare und nukleare Energiequellen, Wasseraufbereitung- und verteilung, Abwassersammlung- und aufbereitung, Hochspannungs- und Gasleitungen, Datenkommunikation, Telekommunikation, Radio, Kommunikationsnetzwerke</description>
    </entry>
    <entry>
      <code>utilitiesCommunication_Energy</code>
      <label>Q1 Energie</label>
      <description>Energie</description>
    </entry>
    <entry>
      <code>utilitiesCommunication_Utilities</code>
      <label>Q2 Wasser- und Abfallsysteme</label>
      <description></description>
    </entry>
    <entry>
      <code>utilitiesCommunication_Communication</code>
      <label>Q3 Kommunikation</label>
      <description></description>
    </entry>

    <!-- - - - - - - - - - - - - - - - - - - - - - - - - -->
    <entry>
      <code>intelligenceMilitary</code>
      <label>R Militär, Sicherheit</label>
      <description>Militärbasen, militärische Einrichtungen und Aktivitäten, z.B. Kasernen, Truppenübungsplätze, militärisches Transportwesen, Nachrichtendienst</description>
    </entry>
    <!-- - - - - - - - - - - - - - - - - - - - - - - - - -->
    <entry>
      <code>farming</code>
      <label>S Landwirtschaft</label>
      <description>Tierzucht und/oder Pflanzenanbau, z.B. Agrarindustrie, Bewässerung, Aquakultur, Plantage, Beweidung, Schädlinge und Krankheiten, die Anbaupflanzen oder Viehbestände beeinflussen</description>
    </entry>
    <!-- - - - - - - - - - - - - - - - - - - - - - - - - -->
    <entry>
      <code>economy</code>
      <label>T Wirtschaftliche Aktivitäten</label>
      <description>Wirtschaftliche Aktivitäten, Verhältnisse und Beschäftigung, z.B. Produktion, Arbeit, Einkommen, Handel, Industrie, Tourismus und Ökotourismus, Forstwirtschaft, Fischerei, kommerzielle und subsistente Jagd, Erkundung und Ausbeutung von Ressourcen, wie Minerale, Öl und Gas</description>
    </entry>
    <!-- - - - - - - - - - - - - - - - - - - - - - - - - -->
  </codelist>
  <!--
        <codelist name="gmd:CI_DateTypeCode">
        <entry><code></code><label></label><description></description></entry>
        </codelist>-->
  <codelist name="gmd:Country">
    <entry>
      <code>CH</code>
      <label>Schweiz</label>
      <description/>
    </entry>
    <entry>
      <code>LI</code>
      <label>Liechtenstein</label>
      <description/>
    </entry>
    <entry>
      <code>DE</code>
      <label>Deutschland</label>
      <description/>
    </entry>
    <entry>
      <code>FR</code>
      <label>Frankreich</label>
      <description/>
    </entry>
    <entry>
      <code>IT</code>
      <label>Italien</label>
      <description/>
    </entry>
    <entry>
      <code>AT</code>
      <label>Österreich</label>
      <description/>
    </entry>
  </codelist>
  <codelist name="gmd:LanguageCode">
    <entry>
      <code>ger</code>
      <label>deutsch</label>
      <description/>
    </entry>
    <entry>
      <code>fre</code>
      <label>französish</label>
      <description/>
    </entry>
    <entry>
      <code>ita</code>
      <label>italienisch</label>
      <description/>
    </entry>
    <entry>
      <code>eng</code>
      <label>englisch</label>
      <description/>
    </entry>
    <entry>
      <code>roh</code>
      <label>rätoromanisch</label>
      <description/>
    </entry>
  </codelist>
  <codelist name="gmd:MD_ScopeCode">
    <entry>
      <code>attribute</code>
      <label>Attributinstanz</label>
      <description>Information gilt für eine konkrete Ausprägung einer Attributart, den Attributwert</description>
    </entry>
    <!-- - - - - - - - - - - - - - - - - - - - - - - - - -->
    <entry>
      <code>attributeType</code>
      <label>Attributart</label>
      <description>Information gilt für eine Attributart</description>
    </entry>
    <!-- - - - - - - - - - - - - - - - - - - - - - - - - -->
    <entry>
      <code>collectionHardware</code>
      <label>Erfassungsgeräte</label>
      <description>Information gilt für die eingesetzten Geräte zur Datenerfassung</description>
    </entry>
    <!-- - - - - - - - - - - - - - - - - - - - - - - - - -->
    <entry>
      <code>collectionSession</code>
      <label>Erfassungsaktion</label>
      <description>Information gilt für die Aktivitäten einer Datenerfassungsaktion</description>
    </entry>
    <!-- - - - - - - - - - - - - - - - - - - - - - - - - -->
    <entry>
      <code>dataset</code>
      <label>Datenbestand</label>
      <description>Information gilt für einen Datenbestand</description>
    </entry>
    <!-- - - - - - - - - - - - - - - - - - - - - - - - - -->
    <!--GEOCAT-->
    <entry>
      <code>basicgeodata</code>
      <label>Geobasisdaten</label>
      <description></description>
    </entry>
    <!-- - - - - - - - - - - - - - - - - - - - - - - - - -->
    <entry>
      <code>basicgeodata-federal</code>
      <label>Geobasisdaten - Bund</label>
      <description></description>
    </entry>
    <entry>
      <code>basicgeodata-cantonal</code>
      <label>Geobasisdaten - Kantone</label>
      <description></description>
    </entry>
    <entry>
      <code>basicgeodata-communal</code>
      <label>Geobasisdaten - Gemeinden</label>
      <description></description>
    </entry>
    <entry>
      <code>service-OGC:WFS</code>
      <label>WFS-Dienst</label>
      <description></description>
    </entry>
    <entry>
      <code>service-OGC:WMS</code>
      <label>WMS-Dienst</label>
      <description></description>
    </entry>

    <!-- - - - - - - - - - - - - - - - - - - - - - - - - -->
    <entry>
      <code>series</code>
      <label>Serie</label>
      <description>Information gilt für eine Serie

        Anmerkung: Der Begriff Serie bezieht sich auf jeglichen Zusammenschluss über DS_Aggregate
      </description>
    </entry>
    <!-- - - - - - - - - - - - - - - - - - - - - - - - - -->
    <entry>
      <code>nonGeographicDataset</code>
      <label>nichtgeografischer Datenbestand</label>
      <description>Information gilt für einen nicht geografischen Datensatz</description>
    </entry>
    <!-- - - - - - - - - - - - - - - - - - - - - - - - - -->
    <entry>
      <code>dimensionGroup</code>
      <label>Dimensionsgruppe</label>
      <description>Information gilt für eine Dimensionsgruppe</description>
    </entry>
    <!-- - - - - - - - - - - - - - - - - - - - - - - - - -->
    <entry>
      <code>feature</code>
      <label>Objektinstanz</label>
      <description>Information gilt für ein konkretes Objekt</description>
    </entry>
    <!-- - - - - - - - - - - - - - - - - - - - - - - - - -->
    <entry>
      <code>featureType</code>
      <label>Objektart</label>
      <description>Information gilt für eine Klasse gleichartiger Objektinstanzen</description>
    </entry>
    <!-- - - - - - - - - - - - - - - - - - - - - - - - - -->
    <entry>
      <code>propertyType</code>
      <label>Eigenschaftsart</label>
      <description>Information gilt für die Eigenschaften einer Objektart</description>
    </entry>
    <!-- - - - - - - - - - - - - - - - - - - - - - - - - -->
    <entry>
      <code>fieldSession</code>
      <label>Feldkampagne</label>
      <description>Information gilt für eine Datenerhebungsaktivität im Gelände</description>
    </entry>
    <!-- - - - - - - - - - - - - - - - - - - - - - - - - -->
    <entry>
      <code>software</code>
      <label>Software</label>
      <description>Information gilt für Softwaresysteme, -module oder –routinen</description>
    </entry>
    <!-- - - - - - - - - - - - - - - - - - - - - - - - - -->
    <entry>
      <code>service</code>
      <label>Service</label>
      <description>Information gilt für einen Dienst, welcher von einem Anbieter über definierte Schnittstellen einem
        Dienstnutzer zur Verfügung gestellt wird
      </description>
    </entry>
    <!-- - - - - - - - - - - - - - - - - - - - - - - - - -->
    <entry>
      <code>model</code>
      <label>Modell</label>
      <description>Information gilt für eine Nachbildung eines realen oder hypothetischen Objekts</description>
    </entry>
    <!-- - - - - - - - - - - - - - - - - - - - - - - - - -->
    <entry>
      <code>tile</code>
      <label>Kachel</label>
      <description>Information gilt für eine räumliche Untereinheit von geografischen Daten</description>
    </entry>
    <!-- - - - - - - - - - - - - - - - - - - - - - - - - -->
    <!--<entry>
            <code>stereomate</code>
            <label>stereomate</label>
            <description>The referencing entity applies to a transfer aggregate which was originally
                identified as a stereo mate (DS_StereoMate)</description>
        </entry>-->
    <!-- - - - - - - - - - - - - - - - - - - - - - - - - -->
    <!--<entry>
            <code>sensor</code>
            <label>Sensor</label>
            <description>Einheit oder Teil einer Ausrüstung, welche erfasst oder registriert</description>
        </entry>
        <entry>
            <code>transferAggregate</code>
            <label>transferAggregate</label>

            <description>The referencing entity applies to a transfer aggregate which has no existence
                outside of the transfer context</description>
        </entry>-->
    <!-- - - - - - - - - - - -
            <entry>
            <code>initiative</code>
            <label>initiative</label>
            <description>The referencing entity applies to a transfer aggregate which was originally
            identified as an initiative (DS_Initiative)</description>

            </entry>

        <entry>
            <code>platformSeries</code>
            <label>platformSeries</label>
            <description>The referencing entity applies to a transfer aggregate which was originally
                identified as a platform series (DS_PlatformSeries)</description>
        </entry>
        <entry>

            <code>sensorSeries</code>
            <label>sensorSeries</label>
            <description>The referencing entity applies to a transfer aggregate which was originally
                identified as a sensor series (DS_SensorSeries)</description>
        </entry>
        <entry>
            <code>productionSeries</code>

            <label>productionSeries</label>
            <description>The referencing entity applies to a transfer aggregate which was originally
                identified as a production series (DS_ProductionSeries)</description>
        </entry>

        <entry>
            <code>otherAggregate</code>
            <label>otherAggregate</label>
            <description>The referencing entity applies to a transfer aggregate which has an existence
                outside of the transfer context, but which does not pertains to a specific aggregate
                type.</description>

        </entry>
        -->
    <entry>
      <code>project</code>
      <label>Projekt</label>
      <description>Das Projekt definiert den organisatorischen Rahmen zur Umsetzung eines Auftrags.</description>
    </entry>
    <entry>
      <code>stationSite</code>
      <label>Station</label>
      <description>Datenerhebungsaktivitäten von Messstationen. Dieser Datentyp beschreibt nicht die Daten selbst,
        sondern die Art und Weise der Erfassung (erhobene Parameter, Methoden, Instrumente)
      </description>
    </entry>
    <entry>
      <code>publication</code>
      <label>Publikation</label>
      <description>Publikationen und Produkte (Broschüren, Artikel, Berichte, audiovisuelles Material)</description>
    </entry>
  </codelist>
  <codelist name="che:CHE_CI_LegislationCode">
    <entry>
      <code>cantonalLaw</code>
      <label>kantonales Gesetz</label>
      <description>kantonales Gesetz</description>
    </entry>
    <entry>
      <code>nationalLaw</code>
      <label>nationales Gesetz</label>
      <description>nationales Gesetz</description>
    </entry>
    <entry>
      <code>nationalDecree</code>
      <label>nationale Verordnung</label>
      <description>nationale Verordnung</description>
    </entry>
    <entry>
      <code>internationalObligation</code>
      <label>internationales Abkommen</label>
      <description>internationales Abkommen</description>
    </entry>
    <entry>
      <code>otherLegalText</code>
      <label>sonstiger Gesetzestext</label>
      <description>sonstiger Gesetzestext</description>
    </entry>
    <entry>
      <code>bylawsPrivatLaw</code>
      <label>privat-rechtliche Statuten</label>
      <description>privat-rechtliche Statuten</description>
    </entry>
    <entry>
      <code>bylawsPublicLaw</code>
      <label>öffentlich-rechtliche Statuten</label>
      <description>öffentlich-rechtliche Statuten</description>
    </entry>
    <entry>
      <code>communalLaw</code>
      <label>kommunales Gesetz</label>
      <description>kommunales Gesetz</description>
    </entry>
  </codelist>
  <codelist name="che:CI_NumberTypeCode">
    <entry>
      <code>mainNumber</code>
      <label>Hauptnummer</label>
      <description>Hauptnummer</description>
    </entry>
    <entry>
      <code>directNumber</code>
      <label>Direkte Nummer</label>
      <description>Direkte Nummer</description>
    </entry>
    <entry>
      <code>mobile</code>
      <label>Natelnummer</label>
      <description>Natelnummer</description>
    </entry>
    <entry>
      <code>facsimile</code>
      <label>Faxnummer</label>
      <description>Faxnummer</description>
    </entry>
  </codelist>
  <codelist name="che:CHE_MD_FilmTypeCode">
    <entry>
      <code>BW</code>
      <label>SW</label>
      <description>Schwarz/Weiss</description>
    </entry>
    <entry>
      <code>C</code>
      <label>F</label>
      <description>Farbe</description>
    </entry>
    <entry>
      <code>CIR</code>
      <label>FIR</label>
      <description>Farbe Infrarot</description>
    </entry>
    <entry>
      <code>IR</code>
      <label>IR</label>
      <description>Infrarot</description>
    </entry>
  </codelist>
  <codelist name="che:CHE_CI_projectTypeCode">
    <entry>
      <code>research</code>
      <label>Forschung</label>
      <description>Forschung</description>
    </entry>
    <entry>
      <code>monitoringProgram</code>
      <label>Überwachungsprogramm</label>
      <description>Überwachungsprogramm</description>
    </entry>
    <entry>
      <code>workProgram</code>
      <label>Arbeitsprogramm</label>
      <description>Arbeitsprogramm</description>
    </entry>
    <entry>
      <code>inventory</code>
      <label>Inventar</label>
      <description>Inventar / Aufnahme</description>
    </entry>
    <entry>
      <code>planning</code>
      <label>Planung</label>
      <description>Planung</description>
    </entry>
  </codelist>
  <codelist name="che:basicGeodataIDTypeCode">
    <entry>
      <code>communal</code>
      <label>Gemeinde</label>
      <description>Geobasisdatensatz-ID auf Gemeindeebene</description>
    </entry>
    <entry>
      <code>cantonal</code>
      <label>Kanton</label>
      <description>Geobasisdatensatz-ID auf Kantonsebene</description>
    </entry>
    <entry>
      <code>federal</code>
      <label>Bund</label>
      <description>Geobasisdatensatz-ID auf Bundesebene (Sammlung der Geobasisdatensätze des Bundesrechts)</description>
    </entry>
    <entry>
      <code>other</code>
      <label>Andere</label>
    </entry>
  </codelist>
  <codelist name="che:CHE_MD_modelTypeCode">
    <entry>
      <code>FeatureDescription</code>
      <label>Objektbeschreibung</label>
      <description>Konzeptionelle Beschreibung des Modells</description>
    </entry>
    <entry>
      <code>UMLdiagram</code>
      <label>UML-Diagramm</label>
      <description>Grafische Beschreibung des Modells in UML</description>
    </entry>
    <entry>
      <code>EntityRelationshipModel</code>
      <label>Entity-Relationship-Diagramm</label>
      <description>Grafische Beschreibung des Modells als ER-Diagramm</description>
    </entry>
    <entry>
      <code>INTERLIS1</code>
      <label>INTERLIS 1</label>
      <description>Textuelle Beschreibung des Modells in INTERLIS 1</description>
    </entry>
    <entry>
      <code>INTERLIS2</code>
      <label>INTERLIS 2</label>
      <description>Textuelle Beschreibung des Modells in INTERLIS 2</description>
    </entry>
    <entry>
      <code>GML</code>
      <label>GML</label>
      <description>Textuelle Beschreibung des Modells in GML</description>
    </entry>
    <entry>
      <code>Other</code>
      <label>Andere</label>
      <description/>
    </entry>
  </codelist>
  <codelist name="che:CHE_SV_inspireServiceTypeCode">
    <entry>
      <code>DiscoveryService</code>
      <label>Suchdienst</label>
    </entry>
    <entry>
      <code>ViewService</code>
      <label>Darstellungsdienst</label>
    </entry>
    <entry>
      <code>DownloadService</code>
      <label>Downloaddienst</label>
    </entry>
    <entry>
      <code>TransformationService</code>
      <label>Transformationsdienst</label>
    </entry>
    <entry>
      <code>InvokeSpatialDataService</code>
      <label>Verkettete Geodatendienste</label>
    </entry>
    <entry>
      <code>OtherServices</code>
      <label>Andere Dienste</label>
    </entry>
  </codelist>
  <codelist name="gmd:DS_InitiativeTypeCode" alias="initiativeType"/>
  <codelist name="gmd:DS_AssociationTypeCode" alias="associationType">
    <entry>
      <code>largerWorkCitation</code>
      <label>Larger work citation</label>
      <description>Bezug zu einem übergeordneten Datensatz, von dem dieser Datensatz ein Teil ist</description>
    </entry>
    <entry>
      <code>isTemporalStatOf</code>
      <label>Temporal state</label>
      <description>Bezug zu einem übergeordneten Datensatz, von dem vorliegender Datensatz einen zeitlichen Zustand
        beschreibt.
      </description>
    </entry>
    <entry>
      <code>isDescriptionOf</code>
      <label>Description</label>
      <description>Bezug zu einem übergeordneten Datensatz, der durch vorliegenden Datensatz genauer beschrieben wird.
      </description>
    </entry>
  </codelist>
  <codelist name="che:MD_geodataTypeCode">
    <entry>
      <code>basicGeodata</code>
      <label>Basic Geodata</label>
    </entry>
    <entry>
      <code>oereb</code>
      <label>oereb</label>
    </entry>
    <entry>
      <code>oerebRegister</code>
      <label>oereb Register</label>
    </entry>
    <entry>
      <code>openGovernmentData</code>
      <label>Open Government Data</label>
    </entry>
    <entry>
      <code>openData</code>
      <label>Open Data</label>
    </entry>
    <entry>
      <code>referenceGeodata</code>
      <label>Reference Geodata</label>
    </entry>
  </codelist>
  <!-- Geocat override: asked on behalf of SB-422 -->
  <codelist name="gmd:CI_RoleCode">
    <entry>
      <code>resourceProvider</code>
      <label>Anbieter</label>
      <description>Anbieter der Ressource</description>

    </entry>
    <!-- - - - - - - - - - - - - - - - - - - - - - - - - -->
    <entry>
      <code>custodian</code>
      <label>Verwalter</label>
      <description>Person oder Stelle, welche die Zuständigkeit und Verantwortlichkeit für einen Datensatz übernommen
        hat und seine sachgerechte Pflege und Wartung sichert
      </description>
    </entry>

    <!-- - - - - - - - - - - - - - - - - - - - - - - - - -->
    <entry>
      <code>owner</code>
      <label>Eigentümer / Datenherr</label>
      <description>Eigentümer/Datenherr der Ressource</description>
    </entry>
    <!-- - - - - - - - - - - - - - - - - - - - - - - - - -->

    <entry>
      <code>user</code>
      <label>Nutzer</label>
      <description>Nutzer der Ressource</description>
    </entry>
    <!-- - - - - - - - - - - - - - - - - - - - - - - - - -->
    <entry>

      <code>distributor</code>
      <label>Vertrieb</label>
      <description>Person oder Stelle, die für den Vertrieb zuständig ist</description>
    </entry>
    <!-- - - - - - - - - - - - - - - - - - - - - - - - - -->
    <entry>
      <code>originator</code>

      <label>Urheber</label>
      <description>Erzeuger der Ressource</description>
    </entry>
    <!-- - - - - - - - - - - - - - - - - - - - - - - - - -->
    <entry>
      <code>pointOfContact</code>
      <label>Ansprechpartner</label>

      <description>Kontakt für Informationen zur Ressource oder deren Bezugsmöglichkeiten</description>
    </entry>
    <!-- - - - - - - - - - - - - - - - - - - - - - - - - -->
    <entry>
      <code>principalInvestigator</code>
      <label>Projektleitung</label>
      <description>Person oder Stelle, die verantwortlich für die Erhebung der Daten, Untersuchung ist</description>

    </entry>
    <!-- - - - - - - - - - - - - - - - - - - - - - - - - -->
    <entry>
      <code>processor</code>
      <label>Bearbeiter</label>
      <description>Person oder Stelle, die die Resource in einem Arbeitsschritt verändert hat</description>
    </entry>

    <!-- - - - - - - - - - - - - - - - - - - - - - - - - -->
    <entry>
      <code>publisher</code>
      <label>Herausgeber</label>
      <description>Person oder Stelle, welche die Ressource veröffentlicht</description>
    </entry>
    <!-- - - - - - - - - - - - - - - - - - - - - - - - - -->

    <entry>
      <code>author</code>
      <label>Autor</label>
      <description>Verfasser der Ressource</description>
    </entry>
    <entry>
      <code>editor</code>
      <label>Editor</label>
      <description>Verleger einer Publikation</description>
    </entry>
    <entry>
      <code>partner</code>
      <label>Partner</label>
      <description>Beiteiligter bei der Erstellung der Ressource</description>
    </entry>
    <entry>
      <code>specialistAuthority</code>
      <label>Fachstelle des Bundes</label>
      <description>Fachstelle des Bundes</description>
    </entry>
  </codelist>
  <codelist name="che:CHE_AppraisalOfArchivalValueCode">
    <entry>
      <code>A</code>
      <label>archivwürdig</label>
      <description>archivwürdig</description>
    </entry>
    <entry>
      <code>N</code>
      <label>nicht archivwürdig</label>
      <description>nicht archivwürdig</description>
    </entry>
    <entry>
      <code>S</code>
      <label>sampling / selektion</label>
      <description>sampling / selektion</description>
    </entry>
  </codelist>
  <codelist name="che:CHE_ReasonForArchivingValueCode">
    <entry>
      <code>legalRelevance</code>
      <label>Rechtliche Relevanz</label>
      <description>Rechtliche Relevanz</description>
    </entry>
    <entry>
      <code>guaranteeOfLegalCertainty</code>
      <label>Gewährleistung der Rechtssicherheit</label>
      <description>Gewährleistung der Rechtssicherheit</description>
    </entry>
    <entry>
      <code>evidenceOfBusinessPractice</code>
      <label>Nachweis der Geschäftspraxis</label>
      <description>Nachweis der Geschäftspraxis</description>
    </entry>
    <entry>
      <code>benefitsForResearch</code>
      <label>Nutzen für die Forschung</label>
      <description>Nutzen für die Forschung</description>
    </entry>
    <entry>
      <code>contemporaryInterest</code>
      <label>Zeitgenössisches Interesse</label>
      <description>Zeitgenössisches Interesse</description>
    </entry>
    <entry>
      <code>sensitivity</code>
      <label>Brisanz</label>
      <description>Brisanz</description>
    </entry>
    <entry>
      <code>developmentsProgression</code>
      <label>Entwicklungen / Verlauf</label>
      <description>Entwicklungen / Verlauf</description>
    </entry>
    <entry>
      <code>definingPowers</code>
      <label>Definitionsmacht</label>
      <description>Definitionsmacht</description>
    </entry>
  </codelist>
</codelists>
