<strings>
  <schematron.title>Geobasisdatensatz</schematron.title>
  <collectivetitle>Gemeinsamer Titel</collectivetitle>
  <collectiveTitleRequired>Basisinformation zum Datenbestand / Bibliografische Angaben / Gemeinsamer Titel ist
    obligatorisch
  </collectiveTitleRequired>
  <collectiveTitleReport>Gemeinsamer Titel:</collectiveTitleReport>

  <basicGeoDataInfo>Geobasisdaten</basicGeoDataInfo>
  <geodataIdRequired>Basisinformation zum Datenbestand / Identifikator des Geobasisdatensatzes ist obligatorisch
  </geodataIdRequired>
  <geodataIdReport>Identifikator des Geobasisdatensatzes:</geodataIdReport>

  <geodataTypeRequired>Basisinformation zum Datenbestand / Art des Identifikators ist obligatorisch
  </geodataTypeRequired>
  <geodataTypeReport>Art des Identifikators:</geodataTypeReport>

  <legislativeInformation>Gesetzgebung</legislativeInformation>
  <legislativeInformationRequired>Metadata / Gesetzgebung ist obligatorisch</legislativeInformationRequired>
  <legislativeInformationReport>Metadata / Gesetzgebung ist präsent</legislativeInformationReport>
</strings>
