<strings>
  <schematron.title>BGDI</schematron.title>
  <translatedTitle>Übersetzung des Titels</translatedTitle>
  <deTitleRequired>Basisinformation zum Datenbestand / Bibliografische Angaben / Titel ist obligatorisch und verlangt
    eine deutsche Übersetzung
  </deTitleRequired>
  <deTitleReport>Deutscher Titel:</deTitleReport>
  <frTitleRequired>Basisinformation zum Datenbestand / Bibliografische Angaben / Titel ist obligatorisch und verlangt
    eine französische Übersetzung
  </frTitleRequired>
  <frTitleReport>Französischer Titel:</frTitleReport>

  <translatedAltTitle>Übersetzung Alternativtitel</translatedAltTitle>
  <deAltTitleRequired>Basisinformation zum Datenbestand / Bibliografische Angaben / Alternativitel ist obligatorisch und
    verlangt eine deutsche Übersetzung
  </deAltTitleRequired>
  <deAltTitleReport>Deutscher Alternativitel:</deAltTitleReport>
  <deAltTitleMaxLength>Der deutsche Alternativitel ist zu lang - max. 35 Zeichen</deAltTitleMaxLength>
  <deAltTitleMaxLengthReport>Länge des deutschen Alternativtitel:</deAltTitleMaxLengthReport>
  <frAltTitleRequired>Basisinformation zum Datenbestand / Bibliografische Angaben / Alternativitel ist obligatorisch und
    verlangt eine französische Übersetzung
  </frAltTitleRequired>
  <frAltTitleReport>Französischer Alternativtitel:</frAltTitleReport>
  <frAltTitleMaxLength>Der französische Alternativitel ist zu lang - max. 35 Zeichen</frAltTitleMaxLength>
  <frAltTitleMaxLengthReport>Länge des französischen Alternativtitels:</frAltTitleMaxLengthReport>

  <translatedAbstract>Übersetzung der Kurzbeschreibung</translatedAbstract>
  <deAbstractRequired>Basisinformation zum Datenbestand / Kurzbeschreibung ist obligatorisch und verlangt eine deutsche
    Übersetzung
  </deAbstractRequired>
  <deAbstractReport>Deutsche Kurzbeschreibung:</deAbstractReport>
  <frAbstractRequired>Basisinformation zum Datenbestand / Kurzbeschreibung ist obligatorisch und verlangt eine
    französische Übersetzung
  </frAbstractRequired>
  <frAbstractReport>Französische Kurzbeschreibung:</frAbstractReport>

  <pointOfContact>Ansprechpartner</pointOfContact>
  <pointOfContactRequired>Basisinformation / Ansprechpartner ist obligatorisch
  </pointOfContactRequired>
  <pointOfContactReport>Ansprechpartner ist präsent</pointOfContactReport>
</strings>
