<?xml version="1.0" encoding="UTF-8"?>
<strings>
  <schematron.title>ISO 19115/19119 rules</schematron.title>
  <M6>Attribut darf nicht leer sein</M6>
  <M7>Bedingungen für CRS Attribute</M7>
  <M8>Name, Organisation oder Position ist obligatorisch.</M8>
  <M9>"Andere Einschränkungen" muss ausgefüllt werden, wenn unter
    Zugriffseinschränkungen oder Nutzungseinschränkungen "benutzerdefinierte Einschränkungen" ausgewält wurde.
  </M9>
  <M10>Einheiten für Werte sind obligatorisch.</M10>
  <M11>(Quelldaten-)Beschreibung obligatorisch wenn keine Ausdehnung (sourceExtent) angegeben ist.</M11>
  <M12>Ausdehnung (sourceExtent) ist obligatorisch wenn keine (Quelldaten-)Beschreibung angegeben ist.</M12>
  <M13>Inhalt obligatorisch für Datenbestand oder Serie</M13>
  <M14>Angabe der Datenquelle ist obligatorisch wenn Erläuterung oder Bearbeitungsschritt nicht ausgefüllt sind.</M14>
  <M15>Bearbeitungsschritt ist obligatorisch, wenn Erläuterung oder Datenquelle nicht ausgefüllt ist</M15>
  <M16>Für Datenbestand muss entweder "Qualitätsbericht" oder "Herkunft" ausgefüllt werden.</M16>
  <M17>Ebenenbeschreibung ist obligatorisch ausser für "Datenbestand" oder "Serie".</M17>
  <M18>Einheit ist obligatorisch für Dichte-Werte.</M18>
  <M19>Format (MD_Format) muss ausgefüllt werden.</M19>
  <M20>Element erforderlich</M20>
  <M21>Der Datenbestand muss eine Ausdehnung haben.</M21>
  <M22>Datenbestand und Serie müssen ein Thema (topicCategory) haben.</M22>
  <M23>Entweder Assoziierter Datenbestand (aggregateDataSetName) oder Identifikator
    (aggregateDataSetIdentifier) müssen ausgefüllt werden.
  </M23>
  <M24>Sprache ist obligatorisch</M24>
  <M25>Zeichensatz ist obligatorisch</M25>
  <M26>Detail obligatorisch ausser es handelt sich um einen einfachen Ausdruck</M26>
  <M27>Bedingung</M27>
  <M28>Code</M28>
  <M29>shortName</M29>
  <M30>Kontrollpunktbeschreibung ist obligatorisch</M30>
  <M61>Bezeichnung der Hierarchieebene</M61>


  <alert.M6>
    <div>Thematik (ISO-Thema) ist obligatorisch, wenn Hierarchieebene entweder mit "Datenbestand", "Serie" oder gar
      nicht ausgefüllt ist.
    </div>
  </alert.M6>
  <alert.M6.characterString>
    <div>
      <h2>Attribut darf nicht leer sein (ausfüllen oder entfernen)</h2>
    </div>
  </alert.M6.characterString>
  <alert.M6.directPosition>
    <div>Wenn das Attribut Dimension ausgefüllt ist, muss auch ein srsName angegeben werden.</div>
  </alert.M6.directPosition>
  <alert.M7.axisAndSrs>
    <div>Wenn ein "axisLabels" Attribut vorhanden ist, braucht es auch ein "srsName" Attribut.</div>
  </alert.M7.axisAndSrs>
  <alert.M7.uomAndSrs>
    <div>Wenn ein "uomLabels" Attribut vorhanden ist, braucht es auch ein "srsName" Attribut.</div>
  </alert.M7.uomAndSrs>
  <alert.M7.uomAndAxis>
    <div>Wenn ein "uomLabels" Attribut vorhanden ist, braucht es auch ein "axisLabels" Attribut und umgekehrt.</div>
  </alert.M7.uomAndAxis>
  <alert.M8>
    <div>Es muss entweder ein Nachname, eine Organisation oder eine Position angegeben werden.</div>
  </alert.M8>
  <alert.M9.access>
    <div>"Andere Einschränkungen" muss ausgefüllt werden, wenn unter Zugriffseinschränkungen "benutzerdefinierte
      Einschränkungen" ausgewält wurde.
    </div>
  </alert.M9.access>
  <alert.M9.use>
    <div>"Andere Einschränkungen" muss ausgefüllt werden, wenn unter Nutzungseinschränkungen "benutzerdefinierte
      Einschränkungen" ausgewält wurde.
    </div>
  </alert.M9.use>
  <alert.M10>
    <div>Die Angabe von Einheiten ist obligatorisch, wenn ein Maximalwert oder ein Minimalwert ausgefüllt wurde.</div>
  </alert.M10>
  <alert.M11>
    <div>Die (Quelldaten-)Beschreibung obligatorisch wenn keine Ausdehnung (sourceExtent) angegeben ist.</div>
  </alert.M11>
  <alert.M13>
    <div>Wenn (count(Quelldaten) + count(Bearbeitungsschritt) = 0) und (DQ_DataQuality.scope.level = "Datenbestand" oder
      "Serie") dann ist eine Erläuterung (statement) obligatorisch.
    </div>
  </alert.M13>
  <alert.M14>
    <div>Obligatorisch wenn Erläuterung und Bearbeitungsschritt nicht ausgefüllt sind.</div>
  </alert.M14>
  <alert.M15>
    <div>Obligatorisch wenn Erläuterung und Datenquelle nicht ausgefüllt sind.</div>
  </alert.M15>
  <alert.M16>
    <div>Für Datenbestand muss entweder "Qualitätsbericht" oder "Herkunft" ausgefüllt werden.</div>
  </alert.M16>
  <alert.M17>
    <div>Ebenenbeschreibung ist obligatorisch ausser es gibt einen "Datenbestand" oder eine "Serie".</div>
  </alert.M17>
  <alert.M18>
    <div>Die Angabe einer Einheit ist obligatorisch für Dichte-Werte.</div>
  </alert.M18>
  <alert.M19>
    <div>Es ist entweder das Datenformat beim Vertrieb (MD_Distribution.distributionFormat) oder
      bei der Vertriebsstelle (MD_Distributor.distributorFormat) anzugeben.
    </div>
  </alert.M19>
  <alert.M20>
    <div>count(description + geographicElement + temporalElement + verticalElement) &gt; 0.</div>
  </alert.M20>
  <alert.M21>
    <div>Wenn MD_Metadata.hierarchyLevel = 'dataset' (Defaultwert "Datenbestand") muss folgende Bedingung erfüllt sein:
      count (extent.geographicElement.EX_GeographicBoundingBox) + count
      (extent.geographicElement.EX_GeographicDescription) &gt;=1. D.h. es braucht entweder eine BBOX oder eine
      geografische Beschreibung.
    </div>
  </alert.M21>
  <alert.M22>
    <div>Datenbestand und Serie müssen ein Thema (topicCategory) haben.</div>
  </alert.M22>
  <alert.M23>
    <div>Entweder Assoziierter Datenbestand (aggregateDataSetName) oder Identifikator (aggregateDataSetIdentifier)
      müssen ausgefüllt werden.
    </div>
  </alert.M23>
  <alert.M26.obligation>
    <div>Angabe der Verbindlichkeit ist obligatorisch ausser: Datentyp = "codelist", "enumeration" oder
      "codelistElement"
    </div>
  </alert.M26.obligation>
  <alert.M26.maximumOccurence>
    <div>Angabe des Maximalen Vorkommens ist obligatorisch ausser: Datentyp = "codelist", "enumeration" oder
      "codelistElement"
    </div>
  </alert.M26.maximumOccurence>
  <alert.M26.domainValue>
    <div>Angabe des Wertebereichs ist obligatorisch ausser: Datentyp = "codelist", "enumeration" oder
      "codelistElement"
    </div>
  </alert.M26.domainValue>
  <alert.M27>
    <div>Angabe einer Bedingung ist obligatorisch falls Verbindlichkeit = "bedingt"</div>
  </alert.M27>
  <alert.M28>
    <div>Angabe eines Codes (domainCode) ist obligatorisch wenn Datentyp = "codelistElement"</div>
  </alert.M28>
  <alert.M29>
    <div>Angebe eines Shortnames ist obligatorisch ausser wenn Datentyp = CodelistElement</div>
  </alert.M29>
  <alert.M30>
    <div>Kontrollpunktbeschreibung obligatorisch wenn unter "Kontrollpunktverfügbarkeit" mit Ja geantwortet wird</div>
  </alert.M30>
  <alert.M61>
    <div>
      <h2>Bezeichnung der Hierarchieebene ist obligatorisch wenn Hierarchiebene nicht "Datenbestand"</h2>
    </div>
  </alert.M61>

  <alert.requiredAbstract>Abstract is a required element</alert.requiredAbstract>
  <report.requiredAbstract>Abstract found</report.requiredAbstract>
  <alert.requiredTitle>Title is a required element</alert.requiredTitle>
  <report.requiredTitle>Title found</report.requiredTitle>
  <alert.requiredDate>Date is a required element</alert.requiredDate>
  <report.requiredDate>Date found</report.requiredDate>
  <alert.requiredDateType>DateType is a required element</alert.requiredDateType>
  <report.requiredDateType>DateType is found</report.requiredDateType>
  <alert.requiredContact>Contact is a required Element</alert.requiredContact>
  <report.requiredContact>Contact found</report.requiredContact>
  <alert.requiredLanguage>Language is a required element</alert.requiredLanguage>
  <report.requiredLanguage>Language found</report.requiredLanguage>
  <alert.requiredLanguage>Language is a required element</alert.requiredLanguage>
  <report.requiredLanguage>Language found</report.requiredLanguage>
  <alert.requiredCitation>Citation is a required element</alert.requiredCitation>
  <report.requiredCitation>Citation found</report.requiredCitation>

  <requiredElements>Required Elements</requiredElements>
  <requireCitation>Citation</requireCitation>
</strings>
