<?xml version="1.0" encoding="UTF-8"?>
<strings>
  <understandResource>Information about the dataset</understandResource>
  <relatedResources>Related services and linked data</relatedResources>
  <techInfo>Technical information</techInfo>
  <contactInfo>Contact information</contactInfo>
  <temporalRef>Temporal information</temporalRef>
  <constraintInfo>rechtliche Einschränkungen</constraintInfo>

  <!-- New strings added for the AngularJS editor -->
  <!-- View and tabs -->
  <advanced>Full</advanced>
  <default>Simple</default>
  <simple>Simple</simple>
  <inspire>INSPIRE</inspire>
  <bgdi>BGDI</bgdi>
  <resource>Resource</resource>
  <xml>XML</xml>
  <metadata>Metadaten</metadata>
  <identificationInfo>Basisinfo</identificationInfo>
  <distributionInfo>Vertriebsinfo</distributionInfo>
  <dataQualityInfo>Datenqualität</dataQualityInfo>
  <spatialRepresentationInfo>Struktur der räumlichen Daten</spatialRepresentationInfo>
  <referenceSystemInfo>Referenzsystem</referenceSystemInfo>
  <contentInfo>Dateninhalt</contentInfo>
  <portrayalCatalogueInfo>Darstellungskatalog</portrayalCatalogueInfo>
  <metadataConstraints>Metadateneinschränkungen</metadataConstraints>
  <metadataMaintenance>Metadatenpflege</metadataMaintenance>
  <applicationSchemaInfo>Anwendungsschema</applicationSchemaInfo>
  <metadataExtensionInfo>Metadatenerweiterungen</metadataExtensionInfo>
  <legislationInformation>Gesetzgebung</legislationInformation>
  <rsIdentifier>Projektions-Code</rsIdentifier>
  <spatialResolution>Maßstab (min. oder max.)</spatialResolution>
  <geometricObjectType>Geometrie-Typ</geometricObjectType>

  <!-- XSD error translation -->
  <invalidElement>Ungültiger Inhalt im Element</invalidElement>
  <onElementOf>Eines der folgenden Elemente: </onElementOf>
  <isExpected> wird erwartet.</isExpected>
  <isNotComplete>ist nicht vollständig.</isNotComplete>
  <elementLocated> Übergeordnetes Element ist</elementLocated>
  <missingElement>Fehlendes Element im</missingElement>
  <invalidValue>Ungültiger oder fehlender Wert.</invalidValue>
  <notValidFor> ist kein gültiger Wert für </notValidFor>
  <xsdErrorIs>XSD Fehler ist: </xsdErrorIs>
  <inElement> vorhanden in </inElement>
  <enum1>Wert </enum1>
  <enum2> ist nicht gültig für das Feld </enum2>
  <enum3>Mögliche Werte sind: </enum3>

</strings>
