<strings>
  <schematron.title>AAP</schematron.title>

  <!--<-->
  <mandatoryFields>Vérification des champs obligatoires.</mandatoryFields>

  <appraisalSectionRequired>La section "Evaluation AAP" doit être définie quand le mot clé AAP est positionné.</appraisalSectionRequired>
  <notAppraisalSectionRequired>Le mot clé AAP n'est pas positionné ou la section "Evaluation AAP" est définie.</notAppraisalSectionRequired>

  <durationOfConservationRequired>la durée de conservation (entier) est requise</durationOfConservationRequired>
  <durationOfConservationReport>durée de conservation:</durationOfConservationReport>

  <appraisalOfArchivalValueRequired>l'évaluation de la valeur archivistique est requise (codelist)</appraisalOfArchivalValueRequired>
  <appraisalOfArchivalValueReport>évaluation de la valeur archivistique:</appraisalOfArchivalValueReport>

  <!--<-->
  <reasonForArchivalValuePresence>Test presence ou absence de justification quant à la valeur archivistique.</reasonForArchivalValuePresence>

  <reasonForArchivalValueAbsent>Si la valeur archivistique est avérée, la justification doit être précisée.</reasonForArchivalValueAbsent>
  <notReasonForArchivalValueAbsent>La justification est soit positionnée, soit optionnelle.</notReasonForArchivalValueAbsent>

  <!--<-->
  <officalAndAAP>Metadonnée de base et AAP</officalAndAAP>

  <cantSetManyTopicsWhenOfficalAndAAP>L'utilisation conjointe des mots clé "metadata de base" et "AAP" interdit la définition de plusieurs topics.</cantSetManyTopicsWhenOfficalAndAAP>
  <notCantSetManyTopicsWhenOfficalAndAAP>Soit les mots clé "metadata de base" et "AAP" ne sont pas utilisés de façon conjointe, soit cette fiche ne fait pas référence à plusieurs catégories.</notCantSetManyTopicsWhenOfficalAndAAP>

</strings>
