<strings>
  <schematron.title>Règles d'implémentation GM03</schematron.title>
  <M100>Géodonnées de base</M100>
  <alert.M100>
    <div>
      <h2>Le type de géodonnée de base est obligatoire si un identifiant a été saisi.</h2>
    </div>
  </alert.M100>
  <report.M100>
    <div>
      <h2>Le type de géodonnée de base est obligatoire si un identifiant a été saisi.</h2>
    </div>
  </report.M100>
  <M101>Type de modèle</M101>
  <alert.M101>
    <div>
      <h2>Le type du modèle est obligatoire</h2>
    </div>
  </alert.M101>
  <report.M101>
    <div>
      <h2>Le type du modèle est obligatoire</h2>
    </div>
  </report.M101>
  <M102>Liste de valeur</M102>
  <alert.M102>
    <div>
      <h2>Sélectionnez une valeur dans la liste de référence ou supprimez l'attribut.</h2>
    </div>
  </alert.M102>
  <report.M102>
    <div>
      <h2>Sélectionnez une valeur dans la liste de référence ou supprimez l'attribut.</h2>
    </div>
  </report.M102>
  <M103>Titre de la citation</M103>
  <alert.M103>
    <div>
      <h2>Il est obligatoire de saisir le titre des citations dans la langue par défaut de la métadonnée.</h2>
    </div>
  </alert.M103>
  <report.M103>
    <div>
      <h2>Il est obligatoire de saisir le titre des citations dans la langue par défaut de la métadonnée.</h2>
    </div>
  </report.M103>
  <M104>Catégorie thématique</M104>
  <alert.M104>
    <div>
      <h2>Environnement, Cadastre - aménagement, Sciences de la terre, Carte de base - imagerie - couverture du sol
        catégorie thématique non égale à la catégorie thématique pour iso19139.che sélectionner une sous catégorie
      </h2>
    </div>
  </alert.M104>
  <report.M104>
    <div>
      <h2>Environnement, Cadastre - aménagement, Sciences de la terre, Carte de base - imagerie - couverture du sol
        atégorie thématique non égale à la catégorie thématique pour iso19139.che sélectionner une sous catégorie
      </h2>
    </div>
  </report.M104>
  <M105>Contact country code</M105>
  <alert.M105>
    <div>
      <h2>Le Country code n'est pas valide pour un des contacts, les valeurs acceptées sont CH, LI, IT, AT, DE, FR</h2>
    </div>
  </alert.M105>
  <report.M105>
    <div>
      <h2>Le Country code n'est pas valide pour un des contacts, les valeurs acceptées sont CH, LI, IT, AT, DE, FR</h2>
    </div>
  </report.M105>
  <hierarchyLevelName>Dataset Hierarchy Level Name</hierarchyLevelName>
  <alert.needsHierarchyLevelName>
    <div>A hierarchyLevelName is required because hierarchyLevel is not dataset (and is present in metadata). The
      solution is to add a hierarchyLevelName, remove hierarchyLevel element, or change hierarchyLevel to dataset
    </div>
  </alert.needsHierarchyLevelName>
  <report.needsHierarchyLevelName>
    <div>hierarchyLevelName is defined or hierarchyLevel is dataset or hierarchyLevel is not present in metadata</div>
  </report.needsHierarchyLevelName>
</strings>
