<strings>
  <schematron.title>BGDI</schematron.title>
  <translatedTitle>Traduction du titre</translatedTitle>
  <deTitleRequired>Identification des données / Information de référence / le titre est obligatoire et nécessite une
    traduction en allemand
  </deTitleRequired>
  <deTitleReport>Titre Allemand:</deTitleReport>
  <frTitleRequired>Identification des données / Information de référence / le titre est obligatoire et nécessite une
    traduction en français
  </frTitleRequired>
  <frTitleReport>Titre Français:</frTitleReport>

  <translatedAltTitle>Traduction d'autre appellation ou acronyme</translatedAltTitle>
  <deAltTitleRequired>Identification des données / Information de référence / autre appellation ou acronyme est obligatoire et
    nécessite une traduction en allemand
  </deAltTitleRequired>
  <deAltTitleReport>Autre appellation ou acronyme en allemand:</deAltTitleReport>
  <deAltTitleMaxLength>Autre appellation ou acronyme en allemand est trop long, max 35c</deAltTitleMaxLength>
  <deAltTitleMaxLengthReport>Longueur d'autre appellation ou acronyme en allemand:</deAltTitleMaxLengthReport>
  <frAltTitleRequired>Identification des données / Information de référence / autre appellation ou acronyme est obligatoire et
    nécessite une traduction en français
  </frAltTitleRequired>
  <frAltTitleReport>Autre appellation ou acronyme en français:</frAltTitleReport>
  <frAltTitleMaxLength>Autre appellation ou acronyme en français est trop long, max 35c</frAltTitleMaxLength>
  <frAltTitleMaxLengthReport>Longueur d'autre appellation ou acronyme en français:</frAltTitleMaxLengthReport>

  <translatedAbstract>Traduction du résumé</translatedAbstract>
  <deAbstractRequired>Identification des données / le résumé est obligatoire et nécessite une traduction en allemand
  </deAbstractRequired>
  <deAbstractReport>Résumé Allemand:</deAbstractReport>
  <frAbstractRequired>Identification des données / le résumé est obligatoire et nécessite une traduction en français
  </frAbstractRequired>
  <frAbstractReport>Résumé Français:</frAbstractReport>

  <pointOfContact>Point de contact</pointOfContact>
  <pointOfContactRequired>Identification / Le point de contact est obligatoire
  </pointOfContactRequired>
  <pointOfContactReport>Le Point de contact est présent</pointOfContactReport>
</strings>
