<strings>
  <schematron.title>Géodonnée de base</schematron.title>
  <collectivetitle>Titre collectif</collectivetitle>
  <collectiveTitleRequired>Identification des données / Information de référence / Titre collectif est obligatoire
  </collectiveTitleRequired>
  <collectiveTitleReport>Titre collectif:</collectiveTitleReport>

  <basicGeoDataInfo>Géodonnée de base</basicGeoDataInfo>
  <geodataIdRequired>Identification des données / Identifiant géodonnées de base est obligatoire</geodataIdRequired>
  <geodataIdReport>Identifiant géodonnées de base:</geodataIdReport>

  <geodataTypeRequired>Identification des données / Type de géodonnées de base est obligatoire</geodataTypeRequired>
  <geodataTypeReport>Type géodonnées de base:</geodataTypeReport>

  <legislativeInformation>Information sur la législation</legislativeInformation>
  <legislativeInformationRequired>Métadonnée / Information sur la législation est obligatoire
  </legislativeInformationRequired>
  <legislativeInformationReport>Métadonnée / Information sur la législation est présent</legislativeInformationReport>
</strings>
