<?xml version="1.0" encoding="UTF-8"?>

<!--
  ~ Copyright (C) 2001-2016 Food and Agriculture Organization of the
  ~ United Nations (FAO-UN), United Nations World Food Programme (WFP)
  ~ and United Nations Environment Programme (UNEP)
  ~
  ~ This program is free software; you can redistribute it and/or modify
  ~ it under the terms of the GNU General Public License as published by
  ~ the Free Software Foundation; either version 2 of the License, or (at
  ~ your option) any later version.
  ~
  ~ This program is distributed in the hope that it will be useful, but
  ~ WITHOUT ANY WARRANTY; without even the implied warranty of
  ~ MERCHANTABILITY or FITNESS FOR A PARTICULAR PURPOSE. See the GNU
  ~ General Public License for more details.
  ~
  ~ You should have received a copy of the GNU General Public License
  ~ along with this program; if not, write to the Free Software
  ~ Foundation, Inc., 51 Franklin St, Fifth Floor, Boston, MA 02110-1301, USA
  ~
  ~ Contact: Jeroen Ticheler - FAO - Viale delle Terme di Caracalla 2,
  ~ Rome - Italy. email: geonetwork@osgeo.org
  -->

<fields>
  <!-- override all the schema substitutes for gco:CharacterString
              - we don't want any-->
  <field name="gco:CharacterString">
  </field>

  <!-- offer just the service and data identification -->
  <field name="gmd:AbstractMD_Identification">
    <substitute name="che:CHE_MD_DataIdentification"/>
    <substitute name="che:CHE_SV_ServiceIdentification"/>
    <substitute name="srv:SV_ServiceIdentification"/>
    <substitute name="gmd:MD_DataIdentification"/>
  </field>

  <field name="gmd:MD_Metadata">
    <substitute name="che:CHE_MD_Metadata"/>
  </field>

  <field name="gmd:CI_ResponsibleParty">
    <substitute name="che:CHE_CI_ResponsibleParty"/>
  </field>

  <field name="gmd:CI_Telephone">
    <substitute name="che:CHE_CI_Telephone"/>
  </field>

  <field name="gmd:CI_Address">
    <substitute name="che:CHE_CI_Address"/>
  </field>

  <field name="gmd:MD_MaintenanceInformation">
    <substitute name="che:CHE_MD_MaintenanceInformation"/>
  </field>

  <field name="gmd:MD_LegalConstraints">
    <substitute name="CHE_MD_LegalConstraints"/>
  </field>

  <field name="gmd:MD_SecurityConstraints">
    <substitute name="che:CHE_MD_SecurityConstraints"/>
  </field>

  <field name="gmd:MD_CoverageDescription">
    <substitute name="che:CHE_MD_CoverageDescription"/>
  </field>

  <field name="gmd:MD_FeatureCatalogueDescription">
    <substitute name="che:CHE_MD_FeatureCatalogueDescription"/>
  </field>

  <field name="gmd:MD_ScopeCode">
    <substitute name="gmd:MD_ScopeCode"/>
  </field>
  <field name="gmd:URL">
    <substitute name="che:PT_FreeURL"/>
  </field>

  <field name="gmd:MD_Identifier">
    <!-- We don't want RS_Identifier -->
  </field>

</fields>
