<?xml version="1.0" encoding="UTF-8"?>
<schema xmlns:xsi="http://www.w3.org/2001/XMLSchema-instance"
        xmlns="http://geonetwork-opensource.org/schemas/schema-ident"
        xmlns:gmd="http://www.isotc211.org/2005/gmd"
        xsi:schemaLocation="http://geonetwork-opensource.org/schemas/schema-ident http://geonetwork-opensource.org/schemas/schema-ident/schema-ident.xsd">
  <name>iso19139.che</name>
  <id>4f95190a-dde4-11df-8626-001c2346de4c</id>
  <version>1.0</version>
  <appMinorVersionSupported>3.4.0</appMinorVersionSupported>
  <title xml:lang="en">Geographic information -- Metadata -- ISO19139.che for GM03</title>
  <title xml:lang="fr">Information géographique -- Métadonnées -- ISO19139.che for GM03</title>
  <description xml:lang="en">
    The metadata model GM03 is a Swiss standard SNV 612050. GM03 is a profile of the international metadata standard ISO 19115.
  </description>
  <description xml:lang="fr">
    Le modèle de métadonnées suisse GM03 est une norme suisse: SN 612050. GM03 est un profil de la norme de métadonnées internationale ISO 19115.
  </description>
  <standardUrl xml:lang="en">https://www.geocat.admin.ch/en/documentation/gm03-metadata-model.html</standardUrl>
  <standardUrl xml:lang="fr">https://www.geocat.admin.ch/fr/documentation/gm03-metadata-model.html</standardUrl>
  <schemaLocation>http://www.geocat.ch/2008/che https://www.geocat.ch/geonetwork/xml/schemas/iso19139.che/schema/che/che.xsd
  </schemaLocation>
  <autodetect xmlns:che="http://www.geocat.ch/2008/che">
    <elements type="root">
      <che:CHE_MD_Metadata/>
      <che:CHE_CI_ResponsibleParty/>
      <gmd:DQ_DomainConsistency/>
      <gmd:MD_Format/>
      <gmd:EX_Extent/>
    </elements>
  </autodetect>
  <filters xmlns:gco="http://www.isotc211.org/2005/gco">
    <filter xpath=".//*[@gco:nilReason='withheld']"
            jsonpath="$.*[?(@.nilReason == 'withheld')]"
            ifNotOperation="editing">
      <keepMarkedElement gco:nilReason="withheld"/>
    </filter>
    <filter
      xpath=".//gmd:onLine[*/gmd:protocol/gco:CharacterString = 'WWW:DOWNLOAD-1.0-http--download']"
      jsonpath="$['link'][?(@.protocol == 'WWW:DOWNLOAD-1.0-http--download')]"
      ifNotOperation="download"/>
    <filter xpath=".//gmd:onLine[starts-with(*/gmd:protocol/gco:CharacterString, 'OGC:WMS')]"
            jsonpath="$['link'][?(@.protocol =~ /OGC:WMS.*?/i)]"
            ifNotOperation="dynamic"/>
  </filters>
</schema>
