<?xml version="1.0" encoding="UTF-8"?>
<!--
  ~ Copyright (C) 2001-2016 Food and Agriculture Organization of the
  ~ United Nations (FAO-UN), United Nations World Food Programme (WFP)
  ~ and United Nations Environment Programme (UNEP)
  ~
  ~ This program is free software; you can redistribute it and/or modify
  ~ it under the terms of the GNU General Public License as published by
  ~ the Free Software Foundation; either version 2 of the License, or (at
  ~ your option) any later version.
  ~
  ~ This program is distributed in the hope that it will be useful, but
  ~ WITHOUT ANY WARRANTY; without even the implied warranty of
  ~ MERCHANTABILITY or FITNESS FOR A PARTICULAR PURPOSE. See the GNU
  ~ General Public License for more details.
  ~
  ~ You should have received a copy of the GNU General Public License
  ~ along with this program; if not, write to the Free Software
  ~ Foundation, Inc., 51 Franklin St, Fifth Floor, Boston, MA 02110-1301, USA
  ~
  ~ Contact: Jeroen Ticheler - FAO - Viale delle Terme di Caracalla 2,
  ~ Rome - Italy. email: geonetwork@osgeo.org
  -->

<fields>
  <!-- Service -->
  <field name="srv:coupledResource">
    <suggest name="srv:SV_CoupledResource"/>
  </field>

  <field name="srv:parameters">
    <suggest name="srv:SV_Parameter"/>
  </field>

  <field name="srv:direction">
    <suggest name="srv:SV_ParameterDirection"/>
  </field>

  <field name="gmd:CI_OnlineResource">
    <suggest name="gmd:linkage"/>
    <suggest name="gmd:protocol"/>
    <suggest name="gmd:name"/>
    <suggest name="gmd:description"/>
  </field>

  <field name="che:CHE_CI_ResponsibleParty">
    <suggest name="che:individualLastName"/>
    <suggest name="che:organisationAcronym"/>
    <suggest name="gmd:organisationName"/>
    <suggest name="gmd:positionName"/>
    <suggest name="gmd:contactInfo"/>
  </field>

  <field name="gmd:CI_Contact">
    <suggest name="gmd:phone"/>
    <suggest name="gmd:address"/>
  </field>

  <field name="che:CHE_CI_Telephone">
    <suggest name="gmd:voice"/>
    <suggest name="gmd:facsimile"/>
  </field>

  <field name="che:CHE_CI_Address">
    <suggest name="gmd:deliveryPoint"/>
    <suggest name="gmd:city"/>
    <suggest name="gmd:administrativeArea"/>
    <suggest name="gmd:postalCode"/>
    <suggest name="gmd:country"/>
    <suggest name="gmd:electronicMailAddress"/>
    <suggest name="che:streetName"/>
    <suggest name="che:streetNumber"/>
    <suggest name="che:addressLine"/>
    <suggest name="che:postBox"/>
  </field>

  <field name="gmd:MD_Keywords">
    <suggest name="gmd:type"/>
  </field>

  <field name="gmd:EX_Extent">
    <suggest name="gmd:temporalElement"/>
    <suggest name="gmd:geographicElement"/>
  </field>

  <field name="gmd:EX_TemporalExtent">
    <suggest name="gmd:extent"/>
  </field>

  <field name="gmd:extent">
    <suggest name="gmd:EX_Extent"/>
    <exception parent="gmd:EX_SpatialTemporalExtent"/>
    <exception parent="gmd:EX_TemporalExtent"/>
  </field>

  <field name="che:revisionExtent">
    <suggest name="gmd:EX_Extent"/>
  </field>

  <field name="gmd:sourceExtent">
    <suggest name="gmd:EX_Extent"/>
  </field>

  <field name="gmd:polygon">
    <suggest name="gml:Polygon"/>
  </field>

  <field name="gml:TimePeriod">
    <suggest name="gml:beginPosition"/>
    <suggest name="gml:endPosition"/>
  </field>

  <field name="gmd:EX_GeographicBoundingBox">
    <suggest name="gmd:westBoundLongitude"/>
    <suggest name="gmd:eastBoundLongitude"/>
    <suggest name="gmd:southBoundLatitude"/>
    <suggest name="gmd:northBoundLatitude"/>
  </field>

  <field name="gmd:attributes">
    <suggest name="uuidref"/>
  </field>

  <field name="che:attribute">
    <suggest name="che:description"/>
  </field>

  <field name="gmd:features">
    <suggest name="uuidref"/>
  </field>

  <field name="gmd:featureInstances">
    <suggest name="uuidref"/>
  </field>

  <field name="gmd:attributeInstances">
    <suggest name="uuidref"/>
  </field>

  <field name="gmd:propertyType">
    <suggest name="uuidref"/>
  </field>

  <field name="gmd:featureType">
    <suggest name="uuidref"/>
  </field>

  <field name="gmd:featureAttribute">
    <suggest name="uuidref"/>
  </field>

  <field name="srv:operatesOn">
    <suggest name="uuidref"/>
  </field>

  <field name="gml:Polygon">
    <suggest name="srsName"/>
  </field>

  <field name="gml:descriptionReference">
    <suggest name="xlink:href"/>
  </field>

  <field name="gmd:MD_Distributor">
    <!-- Eventhough gmd:distributorContact is a mandatory field, we don't want to add it since
             we want the user to choose a sharedObject instead -->
    <filter name="gmd:distributorContact"/>
  </field>
  <field name="gmd:source">
    <exception parent="gmd:LI_Lineage"/>
    <exception parent="gmd:LI_ProcessStep"/>
  </field>

  <field name="gmd:date">
    <suggest name="gco:Date"/>
  </field>
</fields>
